OTU_ID,10a,10b,10c,10orig,13a,13b,13c,13d,13orig,14a,14b,14c,15a,15b,16a,16b,1a,1b,1c,1d,1orig,3a,3b,3c,3orig,4a,4b,4c,4d,4orig,5a,5b,5c,5orig,6a,6b,6c,6orig,7a,7b,7c,7d,7orig,8a,8b,8c,8orig,NegControl,blank1,blank2,blank3,blank4,blank5,
"1,1,1-Trichloro-2,2-bis(4-chlorophenyl)ethane_(DDT)_degradation",172,211,34,34,89,127,9,188,2,57,58,82,217,146,412,412,12,39,58,81,50,258,189,280,68,70,111,146,6,48,12,3,13,32,356,489,20,48,218,330,155,97,50,634,338,154,42,0,0,0,0,0,0,
ABC_transporters,123604,98553,121956,132502,33341,77564,66012,74672,12053,111852,81578,82588,83644,57618,119436,80618,107983,100590,125843,86755,195179,167545,122386,133606,159056,191032,174197,104088,127915,149391,102853,113674,84403,89022,112970,102523,189763,82105,135757,122058,147214,70256,133319,109947,111135,83811,136145,99,258,15,663,68,10,
Adherens_junction,0,0,0,3,0,0,0,0,0,0,0,0,0,0,0,0,0,0,0,0,7,0,0,0,5,0,0,0,0,6,0,0,0,3,0,0,1,1,0,0,1,0,3,0,0,0,6,0,0,0,0,0,0,
Adipocytokine_signaling_pathway,1722,1285,1626,3765,963,2186,1720,2327,346,1866,1393,1300,2140,1062,2525,2136,1634,2196,1970,2787,5429,2348,1556,3251,5390,2742,2943,2266,1886,4348,1480,1859,1595,3162,2745,2527,2765,2329,2135,2182,3603,1334,4121,1656,1673,1644,4174,2,4,0,21,2,0,
African_trypanosomiasis,589,381,749,525,266,564,266,659,54,788,588,131,723,421,522,284,326,614,270,800,768,999,784,1047,549,602,582,313,821,658,617,544,636,344,769,631,973,344,632,869,590,396,661,785,542,387,611,0,1,0,7,0,1,
"Alanine,_aspartate_and_glutamate_metabolism",32412,23804,32140,47295,13392,29393,21056,30574,3983,30944,22769,23565,31190,17824,33900,25317,31761,36287,34486,38187,68405,41518,29742,44740,57610,42586,42208,30480,30376,49866,22483,27757,21908,30841,36492,31807,49722,29382,32097,35239,41224,18960,46477,32152,30626,24977,45993,24,63,5,221,21,3,
Aldosterone-regulated_sodium_reabsorption,0,0,0,1,0,0,0,0,0,0,0,0,0,0,0,0,0,0,0,0,4,0,0,0,4,0,0,0,36,2,10,25,2,9,0,0,0,0,0,0,0,0,14,0,0,0,3,0,0,0,0,0,0,
Alzheimer's_disease,5491,4096,5249,5084,2208,4593,3144,5086,440,5071,3706,4803,5214,2930,5847,4537,6294,6367,6624,6009,7450,6760,4795,7725,5966,7987,7846,4827,4621,5671,3472,3781,3150,3285,6081,5390,8634,3359,5845,6117,7368,3282,5458,5517,5524,4181,5179,6,11,1,32,2,5,
Amino_acid_metabolism,6502,4515,5979,13606,3828,7608,5316,8086,1117,4798,3580,5623,7367,3407,7344,6411,7388,9241,7793,11004,19070,10784,7031,9008,15575,12601,12764,7087,8236,15256,6641,7652,5485,8306,8127,6649,9329,7845,10081,11057,11228,4898,13004,8399,7628,5878,13336,7,13,0,43,2,1,
Amino_acid_related_enzymes,43187,30489,41556,68630,17224,38220,29917,38548,5620,39257,28710,33742,38220,22513,42974,32157,43846,47899,49123,48062,98122,55779,39795,61064,85378,57712,58101,42418,40418,71844,30100,37051,31265,44716,45515,39349,65508,42577,44725,50545,56439,25322,65854,43599,41647,35569,65753,35,84,1,282,28,25,
Amino_sugar_and_nucleotide_sugar_metabolism,26184,18665,24574,46798,11391,24882,19180,25281,3961,37089,26336,20203,24640,13741,27028,20427,28062,30883,30042,32076,67603,37962,27396,39899,57922,34261,34166,26172,27206,51860,21037,26276,23862,33212,31721,25028,39032,28711,28717,32098,37657,14899,47091,30732,27994,22010,47320,17,46,0,227,19,3,
Aminoacyl-tRNA_biosynthesis,29128,20403,29115,54964,10930,25536,23153,23508,4427,22815,16456,26095,22338,13996,27995,21111,32528,32590,37523,29536,78776,36669,26315,44213,69292,40481,40145,30782,26612,56662,20092,25969,21215,35622,27821,24172,45973,34005,30059,33206,41571,16947,51031,28774,28562,25629,51776,25,58,1,207,26,27,
Aminobenzoate_degradation,9903,6746,10429,15882,5599,10949,9110,11507,1538,5040,3838,14215,9706,5310,12219,11312,17551,16018,19117,14387,24179,19485,13083,20354,18886,22543,22232,11375,12064,19370,10412,9927,9451,10660,11828,11110,17519,9776,18090,18764,21393,8148,17269,15092,14804,10226,16800,10,27,1,130,10,0,
Amoebiasis,126,91,108,1078,118,313,291,288,77,58,44,87,100,120,182,190,142,201,212,346,1471,42,60,191,1327,192,152,239,141,869,79,226,354,485,161,112,374,635,84,82,426,87,770,118,127,173,807,0,0,0,2,0,0,
Amyotrophic_lateral_sclerosis_(ALS),2095,1434,2284,1445,653,1238,1459,1480,138,1779,1158,1507,1527,959,1698,1116,1358,1584,2331,1795,2045,3096,2295,3594,1274,2466,2246,2175,1625,1695,1604,1327,1540,820,1734,1624,3859,864,2122,2205,3160,833,1490,2578,1991,2082,1399,1,5,0,22,0,1,
Antigen_processing_and_presentation,761,481,727,883,334,695,423,738,80,854,624,750,804,471,726,532,1012,1063,1022,916,1338,1252,847,958,1046,990,1075,735,922,1002,686,876,584,787,892,765,980,596,940,1174,608,533,1076,855,809,641,1030,0,2,0,4,1,1,
Apoptosis,765,511,727,507,264,543,749,599,58,145,68,457,466,174,693,524,215,431,791,732,756,527,457,1648,388,939,728,948,281,641,279,188,465,219,467,446,1677,315,508,451,1997,212,581,892,653,957,514,1,2,0,9,0,1,
Arachidonic_acid_metabolism,3067,2272,2594,2857,1264,2623,1536,3044,250,2591,1898,1892,3039,1723,3185,2203,2610,3196,2739,3524,4152,4235,3097,4034,3080,3895,3893,2299,2897,3470,2288,2230,2201,1852,3223,2858,3903,1862,3333,3546,3657,1761,3229,3111,2838,2155,3139,1,7,0,24,1,0,
Arginine_and_proline_metabolism,46552,34566,46722,59198,17629,37877,27461,38966,5020,38606,29113,36652,40380,24492,48594,37083,49103,49998,53488,47638,84543,70291,50357,64396,69993,69330,68067,40718,52386,64114,40852,43238,36206,38644,50505,46421,72235,36392,56125,58615,61921,29301,58955,50284,47290,34420,58224,35,97,2,340,21,5,
Arrhythmogenic_right_ventricular_cardiomyopathy_(ARVC),0,0,0,3,0,0,0,0,0,0,0,0,0,0,0,0,0,0,0,0,7,0,0,0,5,0,0,0,0,6,0,0,0,3,0,0,1,1,0,0,1,0,3,0,0,0,6,0,0,0,0,0,0,
Ascorbate_and_aldarate_metabolism,4252,2809,4131,5786,1927,3739,3165,3877,521,7189,4993,4883,3658,2181,4528,3870,6625,5878,7062,4859,8347,8691,6089,6927,6141,6866,6654,4497,6099,6852,5206,4842,4777,3589,5668,4450,7292,3433,6772,6929,7293,2956,5781,6678,5999,4026,5762,4,10,0,52,3,0,
Atrazine_degradation,2080,1418,2450,1911,364,638,1396,478,167,519,572,2465,713,741,1626,1185,2441,1612,3646,708,2725,4266,2882,2623,1951,3943,3864,2574,3161,2442,2580,2170,2018,1264,1201,1534,4033,978,3473,3289,2699,1192,2006,2416,2393,2010,2030,1,7,0,22,0,0,
Bacterial_chemotaxis,21268,17764,19732,36216,10406,23561,12138,25736,2937,50557,35922,10626,27726,15122,26931,18620,22485,28289,18554,31197,51248,40312,27306,23751,45404,34366,34167,17358,35605,37722,28132,32764,15669,24087,35893,27250,32894,21899,31067,27700,20125,16576,35399,21048,22147,11209,36688,15,70,2,182,20,0,
Bacterial_invasion_of_epithelial_cells,5,2,16,50,3,6,15,6,3,18,18,35,2,2,2,38,4,8,21,11,99,120,86,124,123,3,2,22,5,77,4,44,20,74,4,2,6,28,93,143,69,2,89,294,162,71,81,0,0,0,0,0,0,
Bacterial_motility_proteins,58744,48522,58547,90427,27786,60949,33922,68867,7377,93479,69230,33655,73230,43615,69359,46552,57895,72845,55110,81386,126758,102699,70177,71048,109068,92687,91066,50646,88337,95966,67350,76195,39677,59517,84286,71237,93263,54952,78433,70305,56087,40932,88603,50572,54929,33252,92358,37,163,3,491,57,0,
Bacterial_secretion_system,25506,19394,24454,33748,10834,23999,15032,25164,2955,30488,22013,22396,26185,15440,28489,20514,32586,33355,32273,29460,49082,44255,30288,35632,40842,44170,43110,22217,32612,37920,26178,27319,18664,23175,31938,27940,38057,21748,36923,36541,28826,19653,35530,26167,27063,17827,35597,18,55,0,243,21,23,
Bacterial_toxins,1599,1134,1290,2479,856,1722,936,2088,219,7352,4970,966,2199,1126,1795,1180,2344,2571,1960,2636,3544,4985,3607,2802,2799,1890,1795,1223,3530,2967,3176,2805,2514,1764,3372,2039,2332,1528,3080,2976,1950,1051,2537,3331,2533,1181,2479,0,4,0,22,0,0,
Basal_transcription_factors,62,28,176,5010,110,895,1033,291,286,36,10,112,13,39,116,120,199,412,519,715,7249,287,128,441,7536,444,461,437,169,3197,168,154,111,1672,113,70,695,3152,386,338,95,134,2958,40,90,235,2768,0,0,0,0,0,0,
Base_excision_repair,12195,8807,13103,20261,4770,10806,8812,10773,1722,11337,8220,9818,10575,6923,12162,8919,12704,13423,14279,13086,29411,17440,12491,18831,24472,17168,17020,12070,12064,21527,9485,11036,9169,13049,12870,11444,19996,12577,13698,15219,15986,7404,19477,13526,12521,10060,19384,10,25,0,108,6,6,
Benzoate_degradation,14666,10689,15793,19439,6514,13482,11271,14055,1880,9073,7290,13697,13703,7697,17134,13776,16503,17160,20419,17770,29173,28118,20094,28470,24842,25443,24737,14996,20617,22537,17055,15073,14812,13367,17189,17083,27145,12184,22517,21948,27288,10368,20824,19384,17290,13075,20146,13,30,2,185,11,0,
Betalain_biosynthesis,92,57,56,162,70,118,97,125,20,46,31,60,27,26,226,312,106,66,118,145,273,299,224,115,205,207,204,96,285,261,308,232,273,156,256,225,130,130,208,159,559,62,254,213,171,84,243,1,0,0,2,0,0,
Bile_secretion,78,42,17,119,128,228,39,309,15,698,466,14,326,67,118,64,152,311,18,483,159,86,58,42,172,22,14,63,47,203,18,40,50,150,295,81,36,101,32,22,40,10,173,109,150,36,125,0,0,0,1,0,0,
Biosynthesis_and_biodegradation_of_secondary_metabolites,2745,2175,3274,2517,1209,2189,1407,2430,254,4058,2927,2899,2780,1648,3083,2605,4199,3720,4147,3237,3777,5160,3865,3631,2803,3597,3252,2427,3480,3079,2932,2582,2403,1821,3849,3303,5083,1528,3264,2826,3719,1501,3041,3655,3483,1814,2784,4,5,0,26,0,0,
"Biosynthesis_of_12-,_14-_and_16-membered_macrolides",41,24,1,33,113,180,7,281,2,4,4,1,289,49,66,26,42,233,1,437,14,0,0,1,23,1,0,3,0,47,1,1,0,1,117,64,6,24,0,0,0,1,59,4,13,7,26,0,0,0,0,0,0,
Biosynthesis_of_ansamycins,1740,1213,2153,3571,573,1299,1256,1039,278,1764,1243,1551,1205,919,1408,1021,1998,1817,2333,1460,5215,2669,1946,2872,4463,2219,2198,1912,1609,3789,1334,1715,1484,2152,1655,1493,3425,2061,1873,2369,2055,914,3109,2333,1972,1517,3256,1,3,1,12,1,0,
Biosynthesis_of_siderophore_group_nonribosomal_peptides,2018,1442,2124,1629,532,1114,962,1230,144,5871,3881,1085,1555,1053,1727,1180,2040,1923,1815,1537,2209,2876,2166,2386,1766,1702,1596,1701,1466,1924,1311,1307,1274,984,2791,1717,3370,940,1638,1730,2031,924,1767,2409,1996,1391,1784,1,3,0,17,0,0,
Biosynthesis_of_type_II_polyketide_backbone,0,0,0,3,0,0,0,0,0,0,0,0,0,0,0,0,3,0,3,3,3,0,0,0,0,0,0,0,0,0,0,0,0,0,0,0,0,0,0,0,0,0,0,0,0,0,0,0,0,0,0,0,0,
Biosynthesis_of_type_II_polyketide_products,2,0,3,27,0,8,3,2,2,0,1,4,1,0,0,0,2,2,9,6,48,0,27,41,98,4,4,39,8,66,4,4,48,123,2,2,7,14,4,0,39,0,59,2,4,9,49,0,0,0,0,0,0,
Biosynthesis_of_unsaturated_fatty_acids,9865,6933,9634,13564,4575,9597,7067,10406,1178,11105,8203,9861,10546,6052,11363,9024,13066,13620,14074,12641,19572,15679,10730,12883,15834,15120,15265,11184,11650,15606,8834,9103,7521,8690,12681,11251,15076,8165,13068,13572,12335,7149,13820,10903,10917,8547,13697,6,24,2,90,9,1,
Biosynthesis_of_vancomycin_group_antibiotics,1239,872,1082,3272,489,1124,1007,967,273,257,310,924,732,660,1272,1079,1051,1003,1473,1060,4731,1732,1298,2154,4123,1714,1827,1278,1284,3327,980,1098,1323,2292,1089,1216,1885,1924,1490,2004,2139,654,3081,1737,1387,1177,3156,1,2,0,10,1,0,
Biotin_metabolism,5181,3154,5140,8609,2292,4849,3887,4792,746,5142,3693,4662,4741,2787,4708,3988,5707,6334,6587,6137,12936,8488,5804,8691,10850,6956,7286,5630,5143,9330,3971,4757,3839,6004,5722,4827,8155,5438,6427,8451,7176,3208,9039,7543,6134,5325,8765,5,11,0,34,3,1,
Bisphenol_degradation,3233,2356,3179,3554,1267,1958,2079,1733,352,1997,1565,6865,1669,1245,3364,3414,8388,5302,8588,2074,5611,7379,5090,6545,3995,7474,7351,3072,3893,4970,3381,2941,2978,2705,2953,3029,5185,2156,6726,7148,5977,2431,3990,6833,6441,3251,3895,2,7,0,47,5,0,
Bladder_cancer,688,615,589,318,297,610,183,758,32,757,577,111,789,463,805,575,341,598,171,841,507,476,425,890,319,559,499,353,339,443,136,285,351,231,852,707,946,227,317,341,778,327,453,676,563,311,395,1,1,0,1,0,0,
Butanoate_metabolism,34358,26007,38991,48133,14550,30519,23346,32439,4202,31088,23076,31499,33462,20440,37643,29431,40894,41424,44488,40508,68714,49305,34252,54251,61710,53731,53485,35277,32592,51001,25543,28302,23558,31535,40264,37311,61332,29734,39885,41441,47439,21933,47067,35853,35894,27096,46725,30,71,6,290,22,6,
Butirosin_and_neomycin_biosynthesis,881,674,980,2404,677,1291,804,1485,195,181,133,812,1341,640,881,592,1077,1544,1205,2069,3276,1432,1037,1650,2591,1390,1231,1037,698,2737,614,851,689,1534,906,742,1570,1360,1064,1082,1385,458,2218,1267,1121,765,2275,1,2,0,8,1,0,
C5-Branched_dibasic_acid_metabolism,9574,6739,9012,18440,4072,9159,7414,8939,1440,9368,6811,8346,8328,4828,9989,7823,11036,11362,12220,11374,26566,13671,9588,14521,23417,14495,14716,9402,9396,18163,7384,8322,7317,11495,10461,8870,14563,11502,11283,12328,14143,5642,16614,10215,10186,8039,16531,7,21,0,68,7,2,
CAM_ligands,2,1,9,306,8,63,71,20,19,2,0,8,0,3,6,9,13,30,35,53,543,0,3,21,497,9,8,25,1,217,0,0,5,124,6,4,39,203,6,2,3,16,228,2,4,15,189,0,0,0,0,0,0,
Caffeine_metabolism,13,5,25,131,10,49,63,21,20,10,8,19,1,6,19,9,14,24,48,29,256,1,4,40,127,94,37,50,1,150,0,3,27,51,16,20,56,95,22,41,71,19,147,46,20,42,135,0,0,0,1,0,0,
Calcium_signaling_pathway,11,6,22,37,2,6,12,4,0,8,1,6,3,0,3,3,5,8,13,6,37,1,1,9,15,5,11,26,1,71,0,1,8,28,10,6,30,9,2,4,28,2,59,4,4,2,35,0,0,0,0,0,0,
Caprolactam_degradation,8787,6410,9839,9720,4297,8620,6724,9788,965,7530,5530,8631,10064,5289,10326,8158,10798,11893,12725,12336,14370,15343,10194,14488,11860,16353,16053,10298,10391,12036,8799,8136,6899,6636,11234,10620,16335,6005,13019,12178,14107,6615,10930,8937,9040,7690,10507,8,25,2,93,10,0,
Carbohydrate_digestion_and_absorption,215,59,57,284,152,237,88,315,20,708,525,102,324,65,113,103,157,336,55,514,372,214,166,278,370,112,223,83,181,373,36,57,236,224,311,88,56,173,180,488,265,44,443,409,342,223,373,0,0,0,1,0,0,
Carbohydrate_metabolism,2228,1871,1455,4743,1248,2716,1610,3034,377,3375,2416,1299,2992,1335,3198,2298,1971,2934,2339,3775,6310,3403,2567,2541,5300,2294,2096,2530,2889,5624,2260,2843,2124,3312,3457,2978,3257,2605,2514,2259,2751,1175,4714,2998,2621,1669,4728,1,4,0,30,1,0,
Carbon_fixation_in_photosynthetic_organisms,14504,10074,13952,26784,5726,13112,10404,12420,2144,15183,10961,11601,12153,7212,14063,10847,14977,15886,16807,15788,38082,19971,14116,22382,33263,20735,21149,14324,13411,27745,10142,12733,11411,17061,15516,12940,23307,16502,16341,19611,20062,8711,24888,16954,15352,12476,25194,10,28,1,103,8,7,
Carbon_fixation_pathways_in_prokaryotes,35168,24869,37341,61692,13868,31539,27167,30738,5151,34610,24940,28878,30549,18906,35644,27312,36532,39059,42524,38383,88142,47816,33854,53777,79188,48071,48630,37654,34329,62556,26211,30513,27885,41470,38311,33299,58808,37680,37883,41658,49254,21545,57873,37258,35434,30889,58978,24,68,3,269,16,14,
Cardiac_muscle_contraction,2496,1963,2501,2629,1042,2244,1496,2460,209,2471,1813,2284,2492,1475,2764,2043,3151,3189,3204,2857,3824,3191,2274,3269,3147,3690,3445,2192,2261,2631,1673,1769,1095,1399,2827,2479,3887,1787,2715,2414,2898,1560,2560,2342,2502,1761,2477,3,5,0,13,0,3,
Carotenoid_biosynthesis,755,315,912,2465,201,689,996,386,176,109,84,451,76,67,596,547,219,276,727,514,3117,433,419,2650,2796,938,1174,1016,153,2541,75,120,1301,1473,408,352,2285,1382,639,1548,2375,321,2066,1493,1177,1045,1987,0,3,0,11,0,0,
Cell_cycle,7,3,18,512,9,81,93,27,26,2,1,9,2,3,11,10,19,36,48,62,631,0,1,50,743,0,0,43,1,300,0,1,15,144,11,7,72,311,3,0,7,0,246,2,4,21,252,0,0,0,0,0,0,
Cell_cycle_-_Caulobacter,14179,10199,14046,20552,5699,12625,10045,12642,1873,12346,8928,10844,12188,7141,14446,10766,13975,15202,15631,15235,30438,18874,13353,23189,24542,22232,21942,13381,13800,23128,10708,13009,10427,15349,14910,12980,22325,12743,16206,17829,21767,9108,21953,14481,13908,11714,22066,11,30,0,117,12,13,
Cell_cycle_-_yeast,0,0,0,0,0,0,0,0,0,0,0,0,0,0,0,0,0,0,0,0,0,0,0,0,0,0,0,0,0,0,0,0,0,0,0,0,0,0,0,0,0,0,0,0,0,0,0,0,0,0,0,0,0,
Cell_division,2884,2162,2288,3450,1260,2738,1835,2868,311,2587,1995,2431,2718,1461,3440,2659,3376,3586,3523,3236,5110,3032,2270,3648,4301,3471,3382,2617,3062,3881,1948,2475,1935,2662,3382,2907,3954,2271,2641,2500,3936,1903,3982,2464,2620,2194,3962,2,4,0,17,1,1,
Cell_motility_and_secretion,9134,6290,8078,14632,4592,9765,6871,10460,1289,12243,8738,7727,10096,5193,10297,7858,11288,12833,11702,13048,21234,14175,10029,12821,17515,12877,12831,9468,11629,16752,8895,9210,7595,10958,12006,9409,13217,8964,11400,11246,13396,5986,15824,9553,9680,7700,16002,6,18,0,77,4,4,
Cellular_antigens,3506,2446,2318,2795,1565,3158,1612,3775,254,2528,1892,1544,3509,1778,3759,2854,2192,3416,2148,4316,4169,3952,2970,4776,3169,4139,4362,2229,2835,3471,2014,2406,2203,2060,3667,3115,3461,1849,3672,4688,4808,2215,3540,4408,3448,2760,3228,1,7,0,21,1,0,
Chagas_disease_(American_trypanosomiasis),790,563,750,590,471,953,287,1223,55,793,600,122,1194,596,921,577,479,1061,241,1465,833,748,617,1368,605,633,641,387,760,731,461,600,498,353,1107,917,1063,385,545,807,832,567,767,760,577,413,664,0,2,0,6,0,1,
Chaperones_and_folding_catalysts,32715,23648,30577,45103,15163,31790,21062,34713,3853,38911,28230,29769,35296,19389,35440,26187,41489,44694,42407,42666,64998,49478,33984,43863,54251,47770,48232,31108,36696,48865,27718,31470,23182,31751,40138,33776,46463,28281,39929,41341,37369,22035,46866,32413,33367,25221,46726,22,69,0,244,20,17,
Chloroalkane_and_chloroalkene_degradation,8700,6743,8275,12613,4156,8366,6034,8886,1110,6716,5082,10717,8630,4887,10480,8561,13762,12648,14749,10879,18108,13265,9436,13542,14422,14423,13883,8966,9327,14040,7533,8049,7192,7937,10298,9930,14770,7603,11618,11731,12581,5762,12289,10914,10956,7189,12203,5,19,0,86,7,0,
Chlorocyclohexane_and_chlorobenzene_degradation,2612,2187,2184,3276,1316,2614,1646,2944,301,680,706,3242,2561,1596,3877,3190,4375,3815,4593,3176,4833,4215,3115,4127,3387,4558,4340,2508,3228,4114,2585,2153,2625,1821,3269,3712,3677,1931,3652,3400,4098,1925,3301,2859,3059,1829,3319,2,7,0,31,1,0,
Cholinergic_synapse,0,0,0,0,0,0,0,0,0,0,0,0,0,0,0,0,0,0,0,0,0,0,0,0,0,0,0,0,0,0,0,0,0,0,0,0,0,0,0,0,0,0,0,0,0,0,0,0,0,0,0,0,0,
Chromosome,44228,32344,41302,51692,17749,37726,26113,40657,4588,42785,31361,37706,41033,24647,45925,34068,50355,51719,52466,47634,76423,60912,42692,60660,63874,64186,64962,38689,45625,57478,34510,41465,29852,39407,48517,42437,63444,33684,51224,54808,53391,28464,56465,43536,43718,33585,55397,33,88,1,315,33,19,
Chronic_myeloid_leukemia,2,0,1,9,0,1,3,0,0,0,0,0,0,0,0,0,1,0,1,1,5,0,0,0,2,1,1,6,1,6,0,0,2,5,0,0,0,1,0,0,3,0,6,0,0,2,5,0,0,0,0,0,0,
Circadian_rhythm_-_plant,32,24,60,411,41,101,138,39,41,11,7,29,13,8,38,17,23,45,86,73,597,0,20,52,396,15,17,122,6,414,6,6,222,241,26,13,104,207,18,24,107,19,361,26,27,67,399,0,0,0,2,0,0,
Citrate_cycle_(TCA_cycle),23959,17128,23455,42866,9859,22422,17892,21961,3572,23209,16848,19125,21217,12781,25277,19506,24944,27051,27669,26898,59930,30073,21925,37598,53535,30510,30772,24368,21657,43579,15793,18969,17994,28144,26749,23210,36996,26185,23871,27443,34069,14305,39113,26150,24342,20508,40074,19,45,0,187,5,18,
Clavulanic_acid_biosynthesis,0,0,0,0,0,0,0,0,0,0,0,0,0,0,0,0,0,0,0,0,0,0,0,0,0,0,0,0,0,0,0,0,0,0,0,0,0,0,0,0,0,0,0,0,0,0,0,0,0,0,0,0,0,
Colorectal_cancer,668,496,597,487,239,539,583,589,55,111,57,301,459,170,671,473,201,392,583,702,736,387,371,1457,381,937,728,657,280,630,276,188,434,210,466,444,1499,310,417,308,1795,211,571,549,466,662,506,1,2,0,7,0,1,
Complement_and_coagulation_cascades,0,0,0,0,0,0,0,0,0,0,0,0,0,0,0,0,0,0,0,0,0,0,0,0,0,0,0,0,0,0,0,0,0,0,0,0,0,0,0,0,0,0,0,0,0,0,0,0,0,0,0,0,0,
Cyanoamino_acid_metabolism,6892,5012,5738,7417,3326,6601,3901,7777,663,4783,3680,4797,7500,3691,7725,5952,6317,8102,6982,9695,10692,10406,7603,10017,8618,9202,9313,5565,7356,8767,5759,6427,5701,5280,7828,7124,8866,4814,8419,9205,9800,4115,8465,8737,7329,5501,7891,4,15,0,60,2,1,
Cysteine_and_methionine_metabolism,25449,18442,23698,42282,10331,22948,16804,23412,3436,26205,19066,20114,22468,14108,26383,19832,27747,28827,29176,28102,60737,35053,25241,35111,52718,35874,36363,22865,26465,43725,20241,23057,19672,28161,28175,24324,36962,26020,29066,32309,32738,15569,40676,26459,25698,19380,40264,19,45,1,190,17,4,
Cytochrome_P450,0,0,0,3,0,0,0,0,0,0,0,0,0,0,0,0,0,0,1,0,8,0,0,0,6,0,0,0,0,7,0,0,1,5,0,0,1,1,0,0,1,2,4,0,0,0,6,0,0,0,0,0,0,
Cytokine_receptors,0,0,0,0,0,0,0,0,0,0,0,0,0,0,0,0,0,0,0,0,0,0,0,0,0,0,0,0,0,0,0,0,0,0,0,0,0,0,0,0,0,0,0,0,0,0,0,0,0,0,0,0,0,
Cytokine-cytokine_receptor_interaction,0,0,0,0,0,0,0,0,0,0,0,0,0,0,0,0,0,0,0,0,0,0,0,0,0,0,0,0,0,0,0,0,0,0,0,0,0,0,0,0,0,0,0,0,0,0,0,0,0,0,0,0,0,
Cytoskeleton_proteins,6714,4940,5785,9331,2766,5998,4573,6379,800,6102,4480,5329,6112,3373,6953,5045,6755,7439,7629,7597,13478,8765,6068,10130,11652,10582,10515,6138,6713,10153,5163,6415,4544,7018,6962,6015,9572,6011,7992,8261,9688,4198,9646,6383,6418,5484,9651,3,15,0,49,7,4,
Cytosolic_DNA-sensing_pathway,2,1,9,306,8,63,71,20,19,2,0,8,0,3,6,9,13,30,35,53,543,0,1,21,497,0,0,25,1,217,0,0,3,120,6,4,39,203,2,0,3,0,227,2,4,15,189,0,0,0,0,0,0,
D-Alanine_metabolism,2623,1871,2651,3756,1023,2327,1729,2285,341,2510,1793,1905,2288,1308,2543,1876,2492,2824,2675,2860,5345,3163,2313,3699,4374,3402,3296,2356,2167,4057,1592,2309,2060,2655,2717,2217,3949,2361,2443,2873,3413,1524,3810,2804,2562,2123,3894,2,5,0,17,2,0,
D-Arginine_and_D-ornithine_metabolism,294,223,151,376,89,299,190,212,36,25,22,139,144,58,379,345,142,204,163,201,552,160,160,272,403,316,262,179,186,448,94,266,151,281,253,197,319,271,245,260,557,208,444,494,371,250,439,0,1,0,0,0,0,
D-Glutamine_and_D-glutamate_metabolism,3618,2493,3506,5629,1409,3188,2388,3089,482,3467,2538,2766,3192,1804,3655,2812,3555,3919,3968,3874,8105,5104,3679,5479,6978,4497,4713,3323,3695,5753,2747,3282,3059,3955,4037,3517,5436,3534,3862,4704,4755,2189,5560,4161,3668,3058,5594,3,8,0,31,3,2,
DNA_repair_and_recombination_proteins,76012,54575,75068,104273,30432,65020,48421,68466,8983,74473,54254,60604,69505,41863,76065,56347,79660,85193,85941,83521,151752,107434,75162,109507,126250,108998,111158,71373,75060,116097,57440,68160,55178,74536,82123,71674,113571,64913,86961,98051,95214,46925,107693,79839,75987,60589,106806,58,154,1,557,53,46,
DNA_replication,17197,12215,17355,23058,6196,13502,10485,13621,1927,16831,12105,13573,14268,8896,16189,12062,17543,17942,18842,16644,33078,23449,16596,25677,28615,23436,24112,15543,15306,24890,11701,14453,12690,16160,17616,15282,25899,14473,18607,22172,21283,10277,23078,18959,17266,13803,22863,15,32,1,110,13,14,
DNA_replication_proteins,29656,21230,29499,43777,11180,24744,18822,25010,3526,28805,21018,24052,25791,15694,28911,21404,31579,32606,33827,30610,61594,39894,28246,43104,54980,40639,41648,27054,27941,44676,21106,26024,21274,28916,31232,27194,44426,27351,32194,37111,36032,17931,41668,30916,29236,23448,41372,25,56,1,193,20,23,
Dilated_cardiomyopathy_(DCM),0,0,0,3,0,0,0,0,0,0,0,0,0,0,0,0,0,0,0,0,7,0,0,0,5,0,0,0,0,6,0,0,0,3,0,0,1,1,0,0,1,0,3,0,0,0,6,0,0,0,0,0,0,
Dioxin_degradation,1327,1188,1682,1584,383,991,802,944,161,1685,1312,273,1128,846,1471,1054,596,809,540,1122,2538,2014,1360,2687,1989,2744,2539,1106,1603,1834,1169,1688,640,978,1670,1554,2839,1010,1608,1536,2263,1022,1625,1007,934,669,1603,2,3,0,11,0,0,
Drug_metabolism_-_cytochrome_P450,6867,5293,6454,7675,3260,6810,4967,7629,686,3435,2614,6666,6726,3821,8664,7092,8484,8873,9522,8824,11401,9628,6740,10563,8463,12051,11388,6870,7114,9017,5870,5825,4844,4593,7936,7675,11128,4894,8866,7813,11709,4871,8641,6603,7078,5466,8316,6,21,1,69,6,1,
Drug_metabolism_-_other_enzymes,8500,6323,7309,10045,3391,7057,4566,7805,865,8330,6086,5492,7901,4460,8637,6494,7544,8562,7720,9518,14417,10140,7457,11881,12180,10455,10474,6789,6553,11019,4547,6215,5662,6496,9242,7854,11393,6331,7763,9249,10940,4511,10185,9167,8254,6311,9813,6,12,0,49,3,0,
ECM-receptor_interaction,2,1,9,306,8,63,71,20,19,2,0,8,0,3,6,9,13,30,35,53,543,0,3,21,497,9,8,25,1,217,0,0,5,124,6,4,39,203,6,2,3,16,228,2,4,15,189,0,0,0,0,0,0,
Electron_transfer_carriers,1027,1030,305,1360,331,896,542,1022,122,1594,1269,283,948,602,1732,1565,479,479,532,778,2222,1145,638,639,2375,2243,2361,903,1163,1646,757,958,517,1357,1758,1703,841,907,1438,1266,1871,785,1691,636,762,562,1507,1,1,0,2,1,0,
Endocrine_and_other_factor-regulated_calcium_reabsorption,0,0,0,1,0,0,0,0,0,0,0,0,0,0,0,0,0,0,0,0,4,0,0,0,4,0,0,0,36,2,10,25,2,9,0,0,0,0,0,0,0,0,14,0,0,0,3,0,0,0,0,0,0,
Endocytosis,278,177,173,9,13,34,194,43,4,38,13,152,49,27,178,78,22,45,228,42,38,39,47,165,8,178,142,331,10,44,2,4,66,23,24,33,209,15,73,35,323,34,51,150,149,322,29,0,0,0,0,0,0,
Energy_metabolism,31440,23589,29613,42806,13642,28936,19600,31578,3595,29241,21682,23711,33125,18249,35858,27519,31881,36801,34664,38639,59736,42954,30445,42149,51869,43043,43553,30557,33217,46153,25549,28875,22137,29072,38549,35608,45441,25683,35223,38021,39140,20009,42048,32988,30976,24186,42595,25,65,1,201,15,6,
Epithelial_cell_signaling_in_Helicobacter_pylori_infection,1490,1246,1450,1470,533,1197,833,1318,132,1783,1353,1031,1635,887,1904,1402,1313,1590,1597,1583,2155,2722,1755,1538,1745,2380,2408,1638,2313,1664,1730,2056,1099,1279,2056,2031,2214,833,2129,1923,1251,1220,1676,1421,1365,1047,1693,1,6,0,9,1,0,
ErbB_signaling_pathway,0,0,0,0,0,0,0,0,0,0,0,0,0,0,0,0,0,0,0,0,0,0,0,0,0,0,0,0,0,0,0,0,0,0,0,0,0,0,0,0,0,0,0,0,0,0,0,0,0,0,0,0,0,
Ether_lipid_metabolism,470,256,367,447,106,244,488,300,47,90,44,351,206,174,313,187,108,223,533,306,712,765,471,608,538,674,634,743,209,562,193,182,174,304,124,113,514,296,556,559,665,210,533,580,479,726,525,0,0,0,5,0,0,
Ethylbenzene_degradation,2076,1240,1563,3041,1345,2511,1647,2629,275,2476,1846,4130,2431,1058,2468,2520,5250,4574,4952,3319,4624,5048,3300,4896,3491,4606,4739,2073,2819,3768,2094,2271,1938,1930,2874,2233,2839,1840,4673,5551,3986,2056,3421,5172,4583,2523,3367,1,6,0,24,2,0,
Fat_digestion_and_absorption,1,0,0,12,2,6,2,2,0,1,0,0,0,0,0,0,0,0,1,2,13,134,82,83,0,0,0,0,0,6,0,0,2,0,1,0,0,7,0,0,0,0,6,0,0,0,9,0,0,0,0,0,0,
Fatty_acid_biosynthesis,16975,11500,15753,27002,6702,14633,12541,14255,2351,12783,9430,13751,13432,8155,16667,12595,16920,18085,19890,17538,39956,21830,15922,24974,31870,23404,23495,17132,16088,30636,12112,13608,13371,18655,16691,14761,24765,16205,18405,21828,24559,10200,27398,18480,17096,15156,27540,13,31,1,125,8,6,
Fatty_acid_elongation_in_mitochondria,2,1,6,11,0,4,4,2,3,4,1,4,1,2,5,3,2,2,6,4,43,0,0,4,17,1,0,16,0,36,0,0,4,13,2,2,9,9,2,0,13,0,26,0,2,5,22,0,0,0,0,0,0,
Fatty_acid_metabolism,22606,16569,24895,31229,10857,22415,18258,23783,2917,18875,13940,27650,23204,12900,27224,22753,34648,32926,38245,29453,45828,39710,26109,40171,39710,45661,45284,25968,26744,35634,22455,22409,18564,21597,28476,26678,41873,19676,35634,34133,38856,18112,33056,24748,26809,20219,32648,19,58,3,242,25,1,
Fc_epsilon_RI_signaling_pathway,0,0,0,0,0,0,0,0,0,0,0,0,0,0,0,0,0,0,0,0,0,0,0,0,0,0,0,0,0,0,0,0,0,0,0,0,0,0,0,0,0,0,0,0,0,0,0,0,0,0,0,0,0,
Fc_gamma_R-mediated_phagocytosis,279,177,173,21,15,40,196,45,4,39,13,152,49,27,178,78,22,45,229,44,51,173,129,248,8,178,142,331,10,50,2,4,68,23,25,33,209,22,73,35,323,34,57,150,149,322,38,0,0,0,0,0,0,
Flagellar_assembly,25587,22111,26426,34282,10780,23296,12417,27125,2858,31972,24998,7656,29692,18675,27237,16816,14058,22697,13729,32255,47839,37109,26064,30683,39442,39585,38275,18548,31429,36380,22748,27350,14166,21704,31704,27891,41166,20750,28257,26113,25204,14472,33038,19046,20143,12610,34893,25,66,2,177,30,0,
Flavone_and_flavonol_biosynthesis,10,2,24,77,6,15,25,7,6,5,9,40,4,3,17,47,5,13,32,16,96,125,89,119,69,4,10,32,45,94,11,151,18,49,15,9,25,36,97,151,62,16,96,294,163,83,97,0,0,0,1,0,0,
Flavonoid_biosynthesis,153,98,255,1263,120,387,426,210,118,70,41,120,124,58,292,197,146,268,264,275,1838,14,64,271,1567,186,132,444,192,1426,92,275,385,785,222,159,403,714,96,80,399,215,1211,150,197,258,1366,0,0,0,5,0,0,
Fluorobenzoate_degradation,800,543,649,1483,414,956,707,938,144,438,675,778,850,431,1435,1034,1150,1153,1791,1079,2223,3593,2767,2491,1517,1079,1038,780,3943,1887,3066,1891,2479,984,1451,1845,1621,868,2297,1973,2070,727,1520,1553,1050,699,1574,1,2,0,33,0,0,
Focal_adhesion,2,1,9,309,8,63,71,20,19,2,0,8,0,3,6,9,13,30,35,53,550,0,3,21,502,9,8,25,1,223,0,0,5,127,6,4,40,204,6,2,4,16,231,2,4,15,195,0,0,0,0,0,0,
Folate_biosynthesis,14309,10111,13655,20655,6719,14107,9807,15354,1746,16167,11643,12131,15586,8499,15906,12175,16261,18512,17576,18729,28973,21099,14887,20761,23886,18848,19395,14538,15354,22835,11843,12829,11041,14168,18199,15972,20787,12391,16723,18694,18135,9208,20745,16190,14812,11999,20806,9,32,1,115,7,2,
Fructose_and_mannose_metabolism,13794,9610,13952,24933,5313,11538,9779,10865,2081,19887,13949,11181,10752,6783,13149,10250,14797,14816,16136,14145,35948,22366,16044,22220,30327,19671,19597,13892,14656,27883,12049,14280,13503,17692,15522,12208,22010,14937,17191,20366,20092,7909,24792,20054,17155,12262,24670,7,23,0,131,11,1,
Function_unknown,66411,50238,60224,79722,29134,61599,37389,68906,6667,89372,65081,53627,73606,39868,76547,58252,77228,83868,77239,82768,112616,105909,73583,85710,97072,96236,96872,57980,77025,84669,59352,63025,47534,52120,88984,77197,91550,49862,83471,86181,74450,44099,81222,72710,69723,47502,79086,38,136,0,505,12,8,
G_protein-coupled_receptors,0,0,0,0,0,0,0,0,0,0,3,0,0,0,0,0,0,0,0,0,1,0,0,0,0,0,0,0,0,0,0,0,0,0,0,0,0,0,0,0,0,0,0,0,0,0,0,0,0,0,0,0,0,
GTP-binding_proteins,0,0,0,0,0,0,0,0,0,0,0,0,0,0,0,0,0,0,0,0,0,0,0,0,0,0,0,0,0,0,0,0,0,0,0,0,0,0,0,0,0,0,0,0,0,0,0,0,0,0,0,0,0,
Galactose_metabolism,6952,4889,6857,15318,3456,7565,5853,7478,1309,8502,6091,6306,6883,3903,7313,5548,8192,9096,9285,9763,22454,11454,8307,12560,19039,9862,9509,7745,7555,17307,5970,8401,7905,11459,8181,6736,11300,9514,8830,10295,10594,4058,15516,10959,9317,6723,15595,4,13,0,86,6,0,
Gastric_acid_secretion,0,0,0,1,0,0,0,0,0,0,0,0,0,0,0,0,0,0,0,0,4,0,0,0,4,0,0,0,36,2,10,25,2,9,0,0,0,0,0,0,0,0,14,0,0,0,3,0,0,0,0,0,0,
General_function_prediction_only,111661,79503,108101,175445,46064,101668,75024,104517,14432,108955,79179,86974,105038,61650,117872,88617,115600,127639,128443,128224,249368,166884,118985,161370,218623,158521,159704,107136,124827,186351,99342,110098,91411,116665,128307,114614,169361,108074,134864,149583,145302,72080,170496,125108,114986,90312,169838,71,236,6,939,46,19,
Geraniol_degradation,12763,9124,13041,14191,6464,12806,9424,14619,1427,10528,7828,13443,14806,7530,15533,12526,16781,18130,19481,18446,21106,24481,16111,19284,17910,25104,25240,14328,16833,17105,14380,12869,10568,10093,16762,15877,21460,8993,21352,20337,19618,10337,16235,13773,14086,11279,15481,11,31,2,139,12,0,
Germination,0,0,60,37,0,3,313,4,1,81,96,92,0,0,0,0,1,10,41,1,39,0,0,1,0,6,3,12,157,30,82,349,9,8,0,0,63,0,1,0,0,0,2,1,5,27,9,0,0,0,0,0,0,
Glioma,0,0,0,0,0,0,0,0,0,0,0,0,0,0,0,0,0,0,0,0,0,0,0,0,0,0,0,0,0,0,0,0,0,0,0,0,0,0,0,0,0,0,0,0,0,0,0,0,0,0,0,0,0,
Glutamatergic_synapse,3427,2489,3133,4060,1211,2692,1916,2713,367,2087,1629,2118,2755,1718,3647,2809,2695,2991,3368,3259,6188,4875,3783,4566,4656,3942,3795,2848,3840,4569,3080,2968,2967,2567,3598,3596,5140,2548,3430,3800,4848,1718,4224,3783,3291,2542,3950,3,6,1,26,1,1,
Glutathione_metabolism,17259,12956,15186,17425,7269,15415,10071,17504,1525,15547,11209,11508,16668,9560,19565,14933,15873,18396,17029,20073,24897,21972,16010,23740,19120,23354,22894,14694,15354,20345,12031,12371,11538,11229,19896,17751,24220,11037,17789,17991,24405,10164,19454,16355,15873,12483,18677,16,42,1,131,6,3,
Glycan_bindng_proteins,0,0,0,0,0,0,0,0,0,0,0,0,0,0,0,0,0,0,0,0,0,0,0,0,0,0,0,0,0,0,0,0,0,0,0,0,0,0,0,0,0,0,0,0,0,0,0,0,0,0,0,0,0,
Glycan_biosynthesis_and_metabolism,2508,2056,2186,2943,1282,2701,1153,3157,266,3966,2953,2037,3292,1884,3273,2461,3411,3658,2896,3548,4237,3598,2632,3145,3868,2933,2971,1857,2930,3196,2113,2340,1677,2494,3915,3391,3331,2061,2538,2513,2246,1582,3342,2364,2554,1386,3360,1,5,0,17,0,0,
Glycerolipid_metabolism,9227,6487,9073,12227,3823,8194,6730,8512,1127,9621,6863,8940,8325,4842,9937,7702,11102,11320,12989,10400,18487,15447,10539,13550,14667,15040,14713,10380,11508,14835,9269,10605,8540,9826,10632,9385,14952,7582,12712,12869,13470,6518,13824,10592,10179,8351,13512,7,21,0,89,7,1,
Glycerophospholipid_metabolism,16736,12447,18398,21764,6374,13975,10829,14402,1979,17843,12825,14024,15283,9783,17102,12485,18134,18843,19628,17270,32258,27404,18458,24111,26181,27232,26992,16792,18612,24780,14617,16998,11716,16272,18603,16394,27150,13482,21753,22491,19837,11711,23170,18027,17437,13378,23547,13,37,1,135,14,8,
"Glycine,_serine_and_threonine_metabolism",33919,24409,32983,46087,14791,31095,21178,32898,3930,33457,24741,24873,31576,18307,37337,31092,34876,37944,36418,40911,66364,47966,34590,47065,54409,47559,47083,30704,34734,50500,26574,28742,27054,28348,41509,35659,53107,28817,36895,40637,51998,20530,46122,38069,35238,26125,45006,41,72,1,241,15,7,
Glycolysis_/_Gluconeogenesis,28002,19901,26733,50121,12538,27355,20725,27616,4102,29174,21475,25601,26469,15030,30242,24316,33382,35081,36172,34652,69630,40845,28576,43678,61133,41667,42297,29173,29470,53269,22061,26659,23602,32810,33057,28244,44261,30499,34155,38420,41062,18141,46842,33853,31732,24319,47404,20,58,2,231,22,8,
Glycosaminoglycan_biosynthesis_-_chondroitin_sulfate,3,7,0,1,8,32,1,42,0,2,1,0,56,33,10,8,2,7,0,17,1,0,0,0,0,0,0,0,0,4,0,0,0,0,29,31,0,1,0,0,0,0,2,0,0,0,1,0,0,0,0,0,0,
Glycosaminoglycan_degradation,494,239,342,1655,304,588,555,674,110,1485,1044,243,576,271,331,311,384,663,388,963,2279,680,511,934,1652,392,431,1039,322,2593,100,349,488,878,680,251,684,728,579,1045,1106,254,1642,1484,984,761,1556,0,0,0,7,0,0,
Glycosphingolipid_biosynthesis_-_ganglio_series,318,123,88,353,225,406,101,550,34,1407,993,70,503,203,219,145,316,505,100,720,540,315,237,331,434,150,262,158,249,500,76,172,303,362,596,182,129,230,257,557,337,184,560,515,402,273,437,0,0,0,4,0,0,
Glycosphingolipid_biosynthesis_-_globo_series,464,222,262,944,314,654,321,794,89,2133,1493,144,631,326,396,240,517,745,273,1011,1547,425,336,609,1348,361,410,506,493,1382,161,752,758,1195,858,259,362,641,354,642,644,295,1390,695,627,446,1215,0,0,0,10,0,0,
Glycosphingolipid_biosynthesis_-_lacto_and_neolacto_series,0,0,0,0,0,0,0,0,0,0,0,0,0,0,0,0,0,0,0,0,0,0,0,0,0,0,0,0,0,0,0,0,0,0,0,0,0,0,0,0,0,0,0,0,0,0,0,0,0,0,0,0,0,
Glycosylphosphatidylinositol(GPI)-anchor_biosynthesis,2,3,4,28,1,2,4,1,1,0,0,2,0,0,1,0,0,2,2,2,31,0,0,2,26,0,0,1,0,16,0,0,0,3,1,0,4,12,0,0,0,0,8,0,1,3,20,0,0,0,0,0,0,
Glycosyltransferases,9901,6897,8585,17220,4112,8966,7072,9048,1525,10464,7588,8051,8653,5243,10363,7710,10595,11317,12399,10951,25062,16627,11605,13396,21420,15496,15744,10033,12675,18964,10186,10672,9356,12276,10937,9609,13867,10370,14252,15498,12869,6780,17285,12264,11110,8753,17620,4,22,0,80,5,1,
Glyoxylate_and_dicarboxylate_metabolism,24844,19259,29526,32634,9676,20425,15390,21465,2773,17833,13675,19761,22323,14695,25690,19606,25285,25959,28472,26634,46458,36803,26037,37472,39501,39239,38309,23747,24586,35214,19959,21176,18389,20881,26709,25475,46861,20346,28859,29349,33666,15263,31773,26085,25243,18162,31375,23,63,4,201,10,5,
GnRH_signaling_pathway,278,177,173,9,13,34,194,43,4,38,13,152,49,27,178,78,22,45,228,42,38,39,47,165,8,178,142,331,10,44,2,4,66,23,24,33,209,15,73,35,323,34,51,150,149,322,29,0,0,0,0,0,0,
Hedgehog_signaling_pathway,0,0,0,0,0,0,0,0,0,0,0,0,0,0,0,0,0,0,0,0,0,0,0,0,0,0,0,0,0,0,0,0,0,0,0,0,0,0,0,0,0,0,0,0,0,0,0,0,0,0,0,0,0,
Hematopoietic_cell_lineage,0,0,0,0,0,0,0,0,0,0,0,0,0,0,0,0,0,0,0,0,1,0,0,0,0,0,0,0,0,1,0,0,1,0,0,0,0,0,0,0,0,2,0,0,0,0,0,0,0,0,0,0,0,
Hepatitis_C,7,3,18,512,9,81,93,27,26,2,1,9,2,3,11,10,19,36,48,62,631,0,1,50,743,0,0,43,1,300,0,1,15,144,11,7,72,311,3,0,7,0,246,2,4,21,252,0,0,0,0,0,0,
Histidine_metabolism,19322,12886,18380,26844,7840,16503,13111,17124,2293,15493,11461,16366,16564,9587,18680,14914,20185,21470,23290,21518,39397,25330,18404,27309,33276,25509,25764,18884,18333,29613,13920,15603,16034,18503,20097,17593,28757,16838,20684,24652,27996,11078,27591,21877,19492,17179,26899,20,35,0,141,13,0,
Homologous_recombination,23983,16979,23603,28725,9337,19322,14473,20589,2555,24453,17694,19901,21538,12819,22958,17060,25816,26840,27526,25312,42514,33614,23340,34565,34734,33752,34818,22341,22520,33164,17010,20690,17455,22684,25346,21744,34938,18003,26935,31184,29340,14587,31535,25532,24099,19449,31157,20,46,1,159,19,18,
Huntington's_disease,5011,3685,4953,7123,1907,4302,3574,4461,539,4927,3474,3757,4239,2597,4886,3524,4868,5284,5605,5357,10329,6278,4557,7655,8842,6999,6631,4555,3872,6606,3063,3126,2783,3526,4955,4189,8176,4564,5148,5200,6890,2757,6211,5059,4793,4055,5916,5,10,0,34,1,5,
Hypertrophic_cardiomyopathy_(HCM),229,210,104,127,219,431,80,613,10,34,32,14,550,226,469,331,167,471,45,690,155,31,48,376,123,116,125,94,178,176,87,188,25,70,437,418,180,82,79,58,260,208,210,72,94,57,163,0,1,0,2,0,0,
Indole_alkaloid_biosynthesis,66,43,36,145,64,110,90,120,18,19,13,48,4,14,173,286,95,50,47,142,251,18,24,64,173,187,187,88,50,230,69,101,119,140,183,125,75,95,48,44,557,38,205,129,142,75,186,1,0,0,1,0,0,
Influenza_A,675,499,615,1002,248,620,676,616,81,113,58,310,461,173,682,483,220,428,631,764,1374,387,372,1507,1129,937,728,700,281,936,276,189,449,357,477,451,1572,622,420,308,1803,211,820,551,470,683,764,1,2,0,7,0,1,
Inorganic_ion_transport_and_metabolism,11793,8891,10740,19510,5903,12533,8157,13600,1605,14936,10686,9362,13210,7263,14026,11062,13978,15766,14603,16741,27730,22034,14678,14970,21920,22662,22219,11969,15723,21641,13160,12935,9708,11077,16243,13814,18419,11432,19041,18719,16183,9450,18263,13660,13355,8960,18477,10,37,0,106,7,1,
Inositol_phosphate_metabolism,7304,6033,9453,8514,2463,5549,3768,5818,732,2661,2093,4483,6613,4632,7164,4566,5705,6602,6466,7106,12076,8450,6451,9967,10324,9292,8437,6445,5171,9240,4092,5281,3598,5238,6524,6830,13537,5391,5775,5748,6977,3807,8085,6428,6190,4492,8221,4,12,1,53,3,2,
Insulin_signaling_pathway,908,599,620,3258,457,1162,1086,1062,262,1686,1176,487,926,499,1188,950,546,951,1014,1362,4639,1670,1071,1144,4114,1385,1586,1457,1376,3329,1133,1218,1089,2423,1478,1254,1396,1961,1384,1539,1442,606,3032,958,874,991,3146,0,2,0,13,1,0,
Ion_channels,382,310,660,1513,200,518,388,444,104,800,536,132,558,308,330,152,247,484,410,723,2172,1101,816,734,1832,356,276,479,547,1315,585,455,587,599,585,492,1096,883,510,502,277,192,1089,696,426,300,1070,0,1,0,7,0,0,
Isoflavonoid_biosynthesis,9,7,11,62,4,22,38,10,9,6,4,13,2,2,40,30,10,12,13,15,125,0,1,11,86,0,2,26,2,75,0,0,12,70,13,10,26,45,0,2,18,0,76,36,58,17,82,0,0,0,0,0,0,
Isoquinoline_alkaloid_biosynthesis,2264,1555,1557,3767,817,1963,1649,1857,323,1855,1336,845,1586,822,2443,1958,1027,1659,1702,2336,5728,3100,2276,2693,4683,3178,3047,2113,2580,3981,2126,2115,2307,2452,2431,2126,2705,2343,2549,2772,3972,1367,3784,2341,1886,2005,3705,3,4,0,15,1,1,
Leishmaniasis,17,6,12,43,6,11,13,4,4,6,2,14,0,2,8,1,4,4,8,3,51,1,0,7,49,2,2,15,0,50,0,0,4,7,7,2,30,37,2,2,12,2,25,6,7,14,53,0,0,0,0,0,0,
Leukocyte_transendothelial_migration,0,0,0,3,0,0,0,0,0,0,0,0,0,0,0,0,0,0,0,0,7,0,0,0,5,0,0,0,0,6,0,0,0,3,0,0,1,1,0,0,1,0,3,0,0,0,6,0,0,0,0,0,0,
Limonene_and_pinene_degradation,12899,8622,13142,14958,6435,12391,10159,13421,1472,10314,7728,16122,12923,6550,14579,13165,19544,18836,21945,17279,22331,22693,15022,21237,17406,24722,24555,14909,14699,18427,11838,11529,10631,9773,15655,13959,22287,9251,20310,21087,23248,9697,16688,17599,16832,12999,16004,14,33,2,128,15,0,
Linoleic_acid_metabolism,1974,1322,1706,1784,643,1103,919,1125,174,1658,1194,2681,1231,864,1553,1198,3270,2426,3391,1352,2791,2612,2084,3094,2129,2146,2197,1576,1395,2498,1065,1152,1411,1556,1465,1319,2786,1050,2176,2960,2212,923,2089,3453,2979,1820,1973,0,2,0,24,2,0,
Lipid_biosynthesis_proteins,23983,17222,23978,38523,10253,22210,17906,22478,3413,20085,14915,20885,21654,13139,26209,20270,26662,28088,30145,27368,56624,35608,24831,36613,46833,38014,38087,25148,25928,43508,20366,22380,19164,27361,26998,24674,37634,23338,30167,32438,35075,16439,39450,25779,25112,20403,39893,20,50,2,201,17,7,
Lipid_metabolism,2836,1983,2606,4296,1067,2410,2113,2378,394,2861,2011,2094,2401,1452,3153,2246,2624,2890,3576,2767,6344,6027,4308,4308,5244,4273,4307,2934,4797,5009,4130,3977,3339,3511,3322,3217,4203,2678,4492,4349,4004,2025,4737,3228,2813,2466,4830,2,11,0,37,3,2,
Lipoic_acid_metabolism,2077,1328,2100,3527,858,1811,1686,1793,280,2474,1731,1914,1731,1023,1972,1637,2339,2419,2707,2283,4564,2933,2026,3298,3815,2658,2784,2524,1812,3924,1361,1606,1553,2112,2306,1830,3456,2002,2186,2636,3193,1217,3148,2463,2235,2050,3304,2,4,0,15,1,2,
Lipopolysaccharide_biosynthesis,13865,9878,13323,18872,5163,10987,7917,10760,1679,14158,10431,13059,11844,7653,13700,10283,17760,16617,18299,13065,27822,22291,15243,16724,22464,21084,21644,12882,15372,20650,11893,13080,10394,14002,15071,13267,19248,11602,17804,19891,13691,9412,19523,14899,14970,10877,20164,9,27,0,86,3,0,
Lipopolysaccharide_biosynthesis_proteins,16858,11950,15505,22386,6602,13927,9852,14317,2023,20002,14645,14797,15560,9479,17525,12892,20345,20318,21915,17394,33119,31033,21503,20556,26920,25207,25758,15766,22547,24798,18041,17912,14990,17050,20017,17735,22623,13811,23823,25509,16933,11690,23779,19457,18358,13503,24251,9,32,0,124,3,0,
Long-term_depression,0,0,0,0,0,0,0,0,0,0,0,0,0,0,0,0,0,0,0,0,0,0,0,0,0,0,0,0,0,0,0,0,0,0,0,0,0,0,0,0,0,0,0,0,0,0,0,0,0,0,0,0,0,
Long-term_potentiation,0,0,0,0,0,0,0,0,0,0,0,0,0,0,0,0,0,0,0,0,0,0,0,0,0,0,0,0,0,0,0,0,0,0,0,0,0,0,0,0,0,0,0,0,0,0,0,0,0,0,0,0,0,
Lysine_biosynthesis,19584,13820,18524,32977,8225,18390,13656,18728,2642,19554,14258,15442,18485,10547,20220,15020,21042,23207,22586,23005,46449,25391,18248,28740,41041,25910,26290,18919,19409,34343,14375,17801,13694,21176,21722,18526,29365,20171,20621,23412,25807,11930,30952,19860,19106,15812,31172,14,39,1,133,12,10,
Lysine_degradation,17818,12230,18665,21396,8040,16670,13231,17580,2008,13962,10239,17661,17433,9335,19773,16394,21706,22795,24958,22005,31382,28748,19611,28594,26406,30133,30013,19181,19982,24585,16088,16258,14404,14576,20932,18936,30962,13514,24733,25632,28952,13031,23214,21118,20055,16447,22373,16,41,3,160,15,2,
Lysosome,1073,460,630,3171,609,1064,1084,1262,191,2259,1566,401,1055,495,596,517,644,1222,709,1858,4245,1038,804,1735,3080,879,1049,2035,601,5088,201,1026,921,1596,1183,477,1297,1356,995,2106,2177,450,3091,2362,1583,1457,2953,0,0,0,11,0,0,
MAPK_signaling_pathway,0,0,0,0,0,0,0,0,0,0,0,0,0,0,0,0,0,0,0,0,0,0,0,0,0,0,0,0,0,0,0,0,0,0,0,0,0,0,0,0,0,0,0,0,0,0,0,0,0,0,0,0,0,
MAPK_signaling_pathway_-_yeast,1805,1415,1902,1458,824,1545,750,1880,127,949,698,1435,2117,1095,1739,1140,1914,2223,1850,2453,2226,2082,1460,2173,1810,2529,2483,1293,1129,1655,887,1080,580,968,1788,1666,2684,1002,1660,1816,1491,936,1696,1493,1587,1058,1524,1,3,1,9,1,0,
Measles,7,3,18,512,9,81,93,27,26,2,1,9,2,3,11,10,19,36,48,62,631,0,1,50,743,0,0,43,1,300,0,1,15,144,11,7,72,311,3,0,7,0,246,2,4,21,252,0,0,0,0,0,0,
Meiosis_-_yeast,704,567,446,2218,654,1197,877,1355,198,182,123,802,737,484,1315,1526,1220,1161,1135,1544,3179,215,252,996,2548,1159,1110,1047,173,2780,174,235,835,1316,1264,1103,1053,1243,417,373,2695,355,2232,701,827,681,2381,2,3,0,3,0,0,
Melanogenesis,26,14,20,17,6,8,7,5,2,27,18,12,23,12,53,26,11,16,71,3,21,281,200,51,32,20,17,8,235,30,239,131,153,16,73,100,55,35,160,115,2,26,49,84,29,9,57,0,0,0,1,0,0,
Membrane_and_intracellular_structural_molecules,28773,21894,27206,27713,12443,25259,14417,29635,2477,31529,23225,22148,30962,18279,31152,22586,31943,34913,31707,34569,40170,44316,30906,36724,32713,40850,40710,24135,31538,32657,24376,25435,19580,20764,34805,30731,40477,18004,34330,35019,29925,18727,32151,29062,28340,19616,30949,18,62,0,204,9,8,
Metabolism_of_cofactors_and_vitamins,8029,6381,8393,9557,3476,7257,4592,8121,772,8524,6285,6597,8838,4964,9166,6891,9044,9859,9502,9881,12830,11658,8278,9881,11100,11184,10800,7598,8805,10144,6853,6995,5653,5933,10099,9144,12359,5773,9142,8507,9080,4975,9212,8302,7992,5640,9189,7,18,0,50,1,0,
Metabolism_of_xenobiotics_by_cytochrome_P450,6473,5038,6107,7322,3172,6622,4590,7447,643,3336,2498,6421,6632,3751,8300,6767,8347,8731,9050,8604,10759,9012,6258,10207,8024,11484,10954,6399,6490,8525,5362,5534,4122,4306,7631,7331,10706,4654,8400,7468,10724,4698,8125,6204,6828,4992,7867,6,20,1,66,6,1,
Methane_metabolism,30442,22505,30919,60760,13382,30473,23819,30118,4823,29629,21946,23856,29639,16896,34217,27154,30950,35194,36213,38429,84626,41095,29176,43056,77083,41052,41088,33729,32165,61809,24784,29953,26064,39207,37075,33072,50593,36942,32256,34246,43693,17561,54658,32708,31006,25481,56133,25,78,1,209,17,2,
Mineral_absorption,291,227,175,336,104,181,154,223,25,42,92,213,158,135,259,209,80,149,246,210,475,691,564,517,350,220,187,165,488,394,350,290,250,255,139,156,324,217,535,614,372,122,405,1080,687,372,397,0,1,0,4,0,0,
Mismatch_repair,19525,13819,19585,26386,7666,16525,12212,17147,2284,20217,14701,15387,17761,10583,19012,14105,20285,21786,21667,21057,38445,27647,19340,28988,32019,27737,28363,18116,19020,29428,14329,17549,14559,19053,21075,18118,29531,16485,22257,26239,24199,12135,27362,21792,19942,15884,27287,16,40,1,138,15,16,
N-Glycan_biosynthesis,478,241,589,3921,271,852,1087,504,275,146,87,259,177,176,379,328,272,487,615,799,5321,456,294,1243,4986,987,1036,1149,427,3770,324,549,885,2086,339,238,1113,2139,649,925,1439,340,2842,601,515,714,3126,0,1,0,6,1,0,
NOD-like_receptor_signaling_pathway,781,490,727,883,335,696,423,739,80,1542,1080,750,831,477,727,532,1113,1127,1022,935,1338,1334,896,959,1046,1005,1089,736,926,1004,690,885,586,791,1051,769,980,597,967,1194,608,555,1078,919,881,641,1030,0,2,0,4,1,1,
Naphthalene_degradation,7706,5613,7331,9829,3961,7487,5768,8186,899,5092,3965,11580,7829,4135,9310,8353,13970,12431,14814,10143,14681,13833,9198,13552,11720,15310,15269,8252,8434,11319,6791,7255,5492,6326,9056,8588,12127,6116,12979,13526,12565,5921,10497,12137,11691,7528,10148,6,19,0,87,8,0,15310
Neuroactive_ligand-receptor_interaction,0,0,0,0,0,0,0,0,0,0,0,0,0,0,0,0,0,0,0,0,0,0,0,0,0,0,0,0,0,0,0,0,0,0,0,0,0,0,0,0,0,0,0,0,0,0,0,0,0,0,0,0,0,
Neurotrophin_signaling_pathway,0,0,0,0,0,0,0,0,0,0,0,0,0,0,0,0,0,0,0,0,0,0,0,0,0,0,0,0,0,0,0,0,0,0,0,0,0,0,0,0,0,0,0,0,0,0,0,0,0,0,0,0,0,
Nicotinate_and_nicotinamide_metabolism,14239,10152,13572,20274,5682,12140,9753,12755,1672,16452,11880,11036,12576,7425,14148,10967,14568,15559,16070,15853,29243,18943,13438,19522,24757,19836,19588,14032,13194,22120,9836,11124,9528,13372,15798,12962,21385,12606,15089,16335,19884,7950,20232,15039,14259,11860,19887,14,28,0,99,9,1,
Nitrogen_metabolism,24945,18585,23803,35098,11429,24310,15985,26486,3045,24601,18512,18378,27299,14687,28016,21338,24889,29721,27976,32949,50195,37774,26181,33017,42467,37658,37389,24114,28751,37546,22148,23972,18858,23926,31371,28278,39642,22056,30506,31695,32025,16267,35571,25722,24190,19146,35092,17,59,3,184,12,2,
Nitrotoluene_degradation,2073,1360,2091,8550,1033,2654,2434,2215,644,3413,2355,878,1840,967,2466,2107,1354,2080,1985,3162,9932,2066,1443,2780,10560,2229,2360,2917,1728,7129,1545,2032,2424,4794,2959,2227,3849,4863,1418,1864,3946,789,5559,2061,2054,2146,6675,4,6,0,13,0,0,
Non-homologous_end-joining,591,368,680,2577,356,1005,970,849,240,889,680,371,658,364,746,536,402,747,865,1098,3798,1631,1149,1810,2810,1458,1194,860,1065,2579,931,628,991,1122,878,847,1502,1559,1371,1701,1454,470,2178,1594,1091,912,2262,0,2,0,18,0,0,
Notch_signaling_pathway,2,0,1,9,0,1,3,0,0,0,0,0,0,0,0,0,1,0,1,1,5,0,0,0,2,1,1,6,1,6,0,0,2,5,0,0,0,1,0,0,3,0,6,0,0,2,5,0,0,0,0,0,0,
Novobiocin_biosynthesis,4402,3120,3396,7722,1940,4394,3098,4481,639,4277,3189,2973,4213,2190,4665,3561,4041,4947,4532,5601,11450,5717,4075,5849,9575,6348,6320,4007,4338,7965,3142,3696,3453,4971,4926,4115,5744,4795,4947,5660,6200,2690,7432,4711,4356,3664,7401,3,7,0,28,2,1,
Nucleotide_excision_repair,8414,5628,8536,16406,3394,7862,6701,7445,1379,7259,5285,6573,7217,4367,7972,5897,8211,9295,9828,9602,24161,12031,8437,13273,20303,12191,12470,8892,8494,17455,6555,7866,6848,10589,8609,7571,13506,9999,9826,12020,11584,5162,15594,9455,8504,7655,15699,7,17,0,70,8,6,
Nucleotide_metabolism,1458,1357,1632,1594,397,993,408,1152,116,1598,1261,155,1578,962,1493,818,474,936,324,1315,1764,844,709,1304,2270,1102,985,1001,772,1413,382,786,596,1215,1628,1545,1991,1011,369,335,736,557,1270,688,657,545,1371,0,2,0,3,0,0,
Olfactory_transduction,0,0,0,0,0,0,0,0,0,0,0,0,0,0,0,0,0,0,0,0,0,0,0,0,0,0,0,0,0,0,0,0,0,0,0,0,0,0,0,0,0,0,0,0,0,0,0,0,0,0,0,0,0,
One_carbon_pool_by_folate,16878,11955,16436,23235,6859,14622,10892,15286,1994,15609,11316,13208,15061,8899,17096,13166,17465,18837,18868,18897,34024,21623,15693,24278,28774,21805,22010,15898,16150,25791,12182,14763,12469,16657,18358,15842,25649,14492,16909,19219,23150,9892,24203,17333,16513,13491,23492,13,32,1,116,12,7,
Oocyte_meiosis,0,0,0,0,0,0,0,0,0,0,0,0,0,0,0,0,0,0,0,0,0,0,0,0,0,0,0,0,0,0,0,0,0,0,0,0,0,0,0,0,0,0,0,0,0,0,0,0,0,0,0,0,0,
Other_glycan_degradation,1423,445,521,1828,761,1326,655,1712,136,2900,2066,535,1402,579,769,779,807,1500,560,2307,2744,1754,1347,2818,2218,905,1512,1083,1024,2919,400,2227,1185,1785,1567,607,832,1122,1673,3801,2391,679,2622,3930,2476,1847,2152,0,0,0,24,0,0,
Other_ion-coupled_transporters,41390,32164,44086,41899,17165,34679,21871,39848,3652,52851,39174,35885,45321,26473,45293,33659,48580,50722,49701,48265,60856,71382,49493,56150,50359,58480,58884,37260,50722,47271,39341,41046,30429,30784,53273,48210,63424,25730,52992,53920,41926,26827,44921,49145,45292,29544,43465,25,93,5,350,16,8,
Other_transporters,8421,6036,7404,9290,3778,7814,5253,9086,798,9540,6780,7123,9153,5163,9635,7304,9307,10539,10601,10453,13493,15388,10357,12614,11370,13249,13715,8352,11207,10692,9290,9587,7086,6967,10826,9838,12346,6004,12606,13219,10331,6233,10318,10058,9011,7165,10090,4,19,0,71,5,2,
Other_types_of_O-glycan_biosynthesis,0,0,0,0,0,0,0,0,0,0,0,0,0,0,0,0,0,0,0,0,0,0,0,0,0,0,0,0,0,0,0,0,0,0,0,0,0,0,0,0,0,0,0,0,0,0,0,0,0,0,0,0,0,
Others,30747,19829,24335,44043,13838,26332,19493,28103,3624,22653,17339,26388,26491,13863,30541,27822,29599,32585,34796,35403,62942,54635,39513,51999,50174,42838,45142,27411,33633,51783,27231,29048,30281,28536,31673,28718,36833,25868,46059,60930,50078,17230,45280,64217,47000,32223,43677,18,50,0,270,13,2,
Oxidative_phosphorylation,42585,31753,42455,79332,16360,39340,32811,36954,6572,30314,22332,32624,34593,22573,45721,34099,41280,44585,49280,43776,114597,52131,38772,64206,97001,52945,51687,44021,39981,81786,29615,34059,33944,51973,43742,41008,67907,48350,41049,43349,60087,24821,74020,42669,40660,35342,75761,28,79,0,326,11,37,
PPAR_signaling_pathway,3995,3024,4817,7999,2123,4570,4044,4483,733,3131,2303,5873,3944,2442,5514,4915,7419,6460,7967,5233,11501,7415,4929,9106,10562,8491,8521,5279,5025,9460,4301,4698,4023,6099,5517,5339,8084,4967,6663,6205,8719,3575,8496,4782,5348,3813,8672,5,11,0,57,6,0,
Pancreatic_cancer,0,0,0,0,0,0,0,0,0,0,0,0,0,0,0,0,0,0,0,0,0,0,0,0,0,0,0,0,0,0,0,0,0,0,0,0,0,0,0,0,0,0,0,0,0,0,0,0,0,0,0,0,0,
Pancreatic_secretion,0,0,0,1,0,0,0,0,0,0,0,0,0,0,0,0,0,0,0,0,4,0,0,0,6,0,0,0,36,2,10,25,2,9,0,0,0,0,0,0,0,2,14,0,2,0,3,0,0,0,0,0,0,
Pantothenate_and_CoA_biosynthesis,17918,12735,18029,29920,7018,15449,12627,15284,2475,15744,11549,14423,14941,9276,17241,12986,18632,19447,20800,19421,43791,23238,16536,26377,36956,25664,25727,17540,15497,31697,11762,14260,12632,19333,18134,15802,28179,18519,18659,21684,24345,10013,28635,18166,17510,14708,28638,14,36,1,116,15,3,
Parkinson's_disease,3165,2459,3101,3118,1281,2784,2079,3049,264,2582,1870,2586,2951,1645,3436,2516,3352,3581,3787,3559,4565,3578,2645,4726,3529,4627,4173,2849,2505,3268,1939,1932,1527,1605,3294,2925,5388,2100,3132,2722,4694,1771,3120,2891,2968,2423,2987,4,7,0,20,0,4,
Pathogenic_Escherichia_coli_infection,0,0,0,3,0,0,0,0,0,0,0,0,0,0,0,0,0,0,0,0,7,0,0,0,5,0,0,0,0,6,0,0,0,3,0,0,1,1,0,0,1,0,3,0,0,0,6,0,0,0,0,0,0,
Pathways_in_cancer,2427,1659,2192,2514,840,1839,1573,1899,225,1840,1316,1907,1842,1109,2338,1724,2254,2315,2818,2178,3524,3208,2347,3922,2739,3234,3167,2347,2274,2961,1839,1912,1879,1791,2318,2119,3932,1621,2559,2830,3730,1353,2757,2500,2265,2119,2648,2,6,0,18,1,3,
Penicillin_and_cephalosporin_biosynthesis,1514,1202,1741,2219,898,1671,931,2159,186,275,221,898,2075,1126,1584,1021,1200,1905,1296,2742,3222,1859,1460,2766,2649,1926,1868,1300,876,2799,840,747,1271,1608,1586,1607,2510,1389,1403,1633,2093,747,2461,1609,1397,1037,2352,0,2,0,16,0,0,
Pentose_and_glucuronate_interconversions,10639,7769,9793,14169,4354,8842,6868,9472,1237,8335,6225,8987,9037,5467,11009,8538,11068,11486,12739,11497,20247,14878,11080,17423,15984,14456,13803,10509,10155,17698,7808,9409,8748,10153,10760,9676,16571,8274,12301,13770,16444,5982,15502,15188,12796,9371,15062,7,18,0,98,6,0,
Pentose_phosphate_pathway,20216,14870,19130,31072,7867,16878,12597,17471,2574,19682,14297,14006,17563,10703,19772,14161,18390,20490,21067,21793,44362,28998,21236,29383,36922,27100,26695,18336,19663,34428,15630,17651,16655,20980,20922,18294,30453,18613,22650,25598,26124,10960,30725,24335,21113,16007,30740,12,41,2,167,10,1,
Peptidases,49026,35938,44876,70856,21198,46166,30965,49735,6016,49286,36261,33539,49549,28019,52756,38793,46496,55603,49166,59743,101599,64016,45987,67908,85011,64598,65276,44179,48553,76765,35810,44642,35018,48602,56731,49253,68575,43521,51976,58487,61502,30437,71323,50625,46905,37608,71049,28,87,0,362,25,13,
Peptidoglycan_biosynthesis,19307,13337,18133,25112,7806,16544,12751,17354,2315,19020,13896,17544,17149,10141,19581,14986,22390,22797,24403,20849,37108,25993,18351,27219,30727,26206,26997,18538,19711,28298,14710,18275,13784,19731,20822,17925,27788,16070,21432,24251,25205,11886,27469,20413,19828,16458,27421,17,39,0,141,17,13,
Peroxisome,8862,6206,7849,12567,4221,8714,6545,9803,1113,8787,6248,6719,9517,4841,9957,7688,8136,10259,9987,12308,17921,12327,8624,12444,15735,11601,12017,9395,8081,13836,6700,6902,7438,8592,10747,9408,13039,7786,9946,10658,12839,5143,12818,9701,9012,7927,12578,8,20,0,74,5,2,
Pertussis,1321,882,1153,1002,509,918,734,1081,95,2473,1691,1519,1240,759,1443,1037,2081,1779,2511,1225,1499,4290,3181,2463,1233,1694,1672,1165,2987,1154,2784,1870,2122,903,1915,1806,2003,676,2770,2570,1663,920,1216,2404,1858,1190,1121,1,2,0,20,0,0,
Phagosome,0,0,0,3,0,0,0,0,0,0,0,0,0,0,0,0,0,0,0,0,7,0,0,0,7,0,0,0,0,6,0,0,0,5,0,0,1,1,0,0,1,0,5,0,0,0,8,0,0,0,0,0,0,
Phenylalanine_metabolism,13275,9709,12225,16853,4880,10919,8336,11061,1513,8544,6302,7823,10182,6376,14177,11401,10245,11600,11847,13000,25369,17060,12493,19042,20578,19793,19405,11213,12179,18629,9869,10610,10426,11157,13682,12594,19494,10726,14601,16127,21791,8197,17545,14161,12526,10382,17003,14,24,1,90,7,1,
"Phenylalanine,_tyrosine_and_tryptophan_biosynthesis",23437,16516,21649,37957,9353,20949,16220,21371,3065,21072,15436,17373,20970,12204,23308,17017,22663,25676,25799,26378,54693,31114,22197,33186,47518,31228,31582,22478,22886,39720,17110,20717,17373,25258,24425,21201,33671,23386,24793,27991,30252,13840,36511,23269,21925,19188,36395,17,43,0,163,18,1,
Phenylpropanoid_biosynthesis,3001,2348,2027,3148,1650,3323,1352,3989,293,1931,1566,1324,3896,1737,4038,3032,1963,3500,1877,4808,4632,3430,2620,4613,3908,3174,3398,2045,2608,4028,1702,2620,2193,2648,3926,3674,3336,2048,3073,3912,3814,1915,4141,4115,3237,2118,3774,1,5,0,27,1,0,
Phosphatidylinositol_signaling_system,3586,2660,3451,4429,1283,2973,2253,2965,393,3429,2422,2165,3035,1851,3806,2745,2933,3458,3328,3471,6708,4145,3021,4608,5307,4464,4387,3517,3321,5404,2461,3055,2359,3301,3871,3391,5596,2723,3304,3498,4524,2205,4891,3175,3078,2686,4850,2,8,0,21,2,2,
Phosphonate_and_phosphinate_metabolism,2029,1277,1760,2272,1261,2465,1210,2912,199,3148,2248,2175,2902,1194,2232,1722,3331,3765,3016,3906,3306,3397,2327,2492,2609,3364,3344,1756,2618,2650,1929,2173,1653,1407,2922,2087,2900,1435,2867,3085,2457,1570,2677,2285,2460,1559,2265,1,4,0,15,1,0,
Phosphotransferase_system_(PTS),3787,3306,3355,3437,1150,2484,1490,2864,308,22006,15164,2274,4078,2421,4204,3018,5917,4875,3236,3564,4872,6436,4505,4104,3942,4366,4042,2729,3997,3981,2952,3590,1976,2345,8662,4792,4793,1966,3488,2944,3151,1936,3556,4222,4673,1488,3520,2,6,0,30,0,0,
Photosynthesis,9581,6860,8605,13974,3464,7693,6309,7714,1152,7363,5333,7349,7555,4495,9661,7399,8917,9544,10539,9133,19867,10517,7568,12947,15184,11574,12121,9799,8323,17087,5872,7776,6553,10828,9583,8929,12668,7919,8779,10328,13068,5240,15704,8875,8503,7500,15108,8,16,0,61,6,8,
Photosynthesis_-_antenna_proteins,170,102,136,412,0,34,102,34,0,17,0,85,17,0,17,17,34,51,153,34,353,0,0,17,0,17,68,323,17,867,0,17,119,391,0,34,34,51,17,34,306,0,748,0,34,17,463,0,0,0,0,0,0,
Photosynthesis_proteins,10711,7766,9678,15664,3822,8600,7128,8546,1291,8307,6001,8345,8428,4966,11072,8460,10041,10631,12117,10111,22028,11551,8302,14182,16342,12865,13425,11221,9170,19095,6494,8570,7118,11866,10765,10086,15181,8707,9701,11133,14430,5792,17520,9832,9786,8214,16723,9,18,0,67,6,8,
Phototransduction,0,0,0,0,0,0,0,0,0,0,0,0,0,0,0,0,0,0,0,0,0,0,0,0,0,0,0,0,0,0,0,0,0,0,0,0,0,0,0,0,0,0,0,0,0,0,0,0,0,0,0,0,0,
Phototransduction_-_fly,0,0,0,3,0,0,0,0,0,0,0,0,0,0,0,0,0,0,0,0,7,0,0,0,5,0,0,0,0,6,0,0,0,3,0,0,1,1,0,0,1,0,3,0,0,0,6,0,0,0,0,0,0,
Plant-pathogen_interaction,4718,3578,4610,5988,2020,4255,2784,4684,531,6441,4686,3466,4888,2924,4969,3583,5001,5567,5050,5674,8777,6536,4624,5910,7035,6194,6147,4299,5188,6664,3832,4743,3141,4456,5789,4753,7029,3778,4873,4979,5244,2742,6459,4533,4557,3398,6490,3,10,1,29,4,2,
Polycyclic_aromatic_hydrocarbon_degradation,3132,2039,3113,4907,1215,2299,2493,1972,464,631,771,4431,1596,1078,2980,3032,5028,3684,5600,2618,7610,4802,3464,6245,5903,6012,5980,3292,3056,6463,2172,2228,2843,3333,2509,2483,5224,3071,4509,5442,7121,1884,5275,5094,4672,3285,5192,4,7,0,40,3,0,
Polyketide_sugar_unit_biosynthesis,4339,3139,3499,8673,1554,3573,2720,3164,745,890,969,3275,2750,2225,4593,3768,3877,3602,4932,3503,13203,6379,4620,6036,10960,6417,6958,3724,4639,8871,3811,4059,4312,6293,4041,4566,5608,5273,5667,7235,5930,2586,8453,5373,4600,3526,8472,4,8,0,30,4,0,
Pores_ion_channels,21652,15646,18361,20043,10020,19636,10312,23649,1756,24711,17784,17544,24402,13152,23538,17391,25442,28103,25187,28152,29032,32349,23809,29048,25010,25635,26575,16323,23288,22762,18688,17907,17109,15137,27224,23870,28077,13388,24787,27372,23113,12808,23887,24231,22077,15201,22182,12,50,1,185,8,0,
Porphyrin_and_chlorophyll_metabolism,30177,22984,33359,50858,11414,26570,20149,25560,4179,26949,19811,22639,26598,17011,31534,23432,30204,31903,34357,32407,74933,42821,30647,43361,63711,42224,41937,29415,32085,52855,25264,29754,22267,33263,33370,30659,54837,31140,32491,34611,37735,17590,49107,31200,30577,21995,48229,29,67,2,205,15,11,
Prenyltransferases,9042,6190,8602,17969,3391,8163,6771,7532,1423,7199,5384,6663,7247,4434,8866,6605,8299,9172,9804,9357,25252,11499,8163,13779,22589,12476,13048,9216,8388,18615,6225,7499,7250,11397,9121,8123,13828,11002,9813,12204,12450,5502,16477,9606,8870,7826,16539,6,20,0,62,5,6,
Primary_bile_acid_biosynthesis,502,335,774,808,201,489,483,462,77,807,581,214,571,293,425,202,291,567,472,699,1149,1161,743,1086,898,916,792,792,726,1069,549,647,396,528,602,471,1317,440,657,605,702,420,777,437,378,476,779,0,1,0,8,1,0,
Primary_immunodeficiency,1615,1253,1453,1345,731,1485,722,1743,136,1630,1271,1390,1975,994,1753,1224,2036,2186,1876,2118,2017,1972,1476,1983,1678,1874,1866,1162,1572,1620,1046,1222,1146,1142,1959,1704,2048,870,1507,1587,1541,936,1726,1479,1517,1028,1640,1,3,0,13,0,0,
Prion_diseases,537,296,733,183,97,156,272,216,16,746,494,212,248,288,204,99,179,216,256,235,252,888,564,1018,154,820,906,457,247,219,222,319,282,123,325,210,937,105,587,904,610,272,219,596,452,506,170,0,1,0,5,0,0,
Progesterone-mediated_oocyte_maturation,761,481,727,883,334,695,423,738,80,854,624,750,804,471,726,532,1012,1063,1022,916,1338,1252,847,958,1046,990,1075,735,922,1002,686,876,584,787,892,765,980,596,940,1174,608,533,1076,855,809,641,1030,0,2,0,4,1,1,
Propanoate_metabolism,32142,23291,36392,44258,14010,29551,23357,30985,3918,25184,18799,30882,31526,18171,34392,26867,38789,40253,43858,39256,63148,48115,33309,50954,55241,51631,50876,34122,33381,47758,26338,27963,24631,28908,36382,33440,58082,27431,39478,40152,46834,21600,43879,33347,33455,27117,43566,26,71,5,272,21,4,
Prostate_cancer,761,481,727,883,334,695,423,738,80,854,624,750,804,471,726,532,1012,1063,1022,916,1338,1252,847,958,1046,990,1075,735,922,1002,686,876,584,787,892,765,980,596,940,1174,608,533,1076,855,809,641,1030,0,2,0,4,1,1,
Proteasome,834,519,876,3447,388,1113,941,878,240,874,643,828,822,483,824,589,1119,1237,1340,1231,4446,1252,851,1277,4716,1014,1099,1074,934,2744,686,888,716,1595,969,821,1451,2145,970,1182,792,545,2388,879,841,825,2444,0,2,0,4,1,1,
Protein_digestion_and_absorption,390,242,188,654,294,614,229,717,56,47,48,113,620,276,532,440,197,535,156,821,1058,289,262,800,931,254,364,206,259,671,119,240,283,407,545,508,323,443,369,707,597,377,735,725,450,362,587,0,1,0,3,0,0,
Protein_export,16903,11691,15823,24624,6928,14960,11692,15765,2039,16286,11761,13980,15551,8678,16816,12548,17894,19635,19708,19478,35138,21559,14994,24309,30903,23397,24076,16819,15545,27208,11625,14493,11595,17376,18003,15186,24528,15575,18176,20715,22438,10226,24873,16580,16199,14345,24590,16,34,0,125,16,15,
Protein_folding_and_associated_processing,28794,21344,28489,37732,11414,24298,17271,25762,3091,25031,19136,24119,27378,15606,30406,22278,31785,33395,34908,31436,52250,41582,29252,40291,46425,41385,41385,27074,32680,41142,24706,28065,22034,26801,31836,29545,44214,23234,33827,35665,34458,18204,38014,29427,28334,21848,38030,19,58,0,200,9,6,
Protein_kinases,11986,9368,11081,16400,5542,11825,7532,13558,1470,22083,15509,9340,14358,7785,14842,10679,14889,16596,14645,16241,23544,21450,14971,13841,20364,16968,16674,11569,17400,19166,14067,14777,9876,11772,18327,15009,17614,10046,16195,14291,12930,8564,17662,12027,12401,8202,18213,5,30,0,114,4,2,
Protein_processing_in_endoplasmic_reticulum,1267,738,1388,7455,740,2180,2030,1477,538,959,757,1552,1138,704,1300,1100,2117,2280,2496,2136,10425,2221,1432,2810,9782,2519,2651,1801,1885,6055,1499,2030,1474,4230,1409,1143,2414,4457,2099,2562,2193,1161,5633,1566,1566,1480,5966,0,3,0,9,2,1,
Proximal_tubule_bicarbonate_reclamation,670,470,707,1866,304,754,498,677,137,829,615,232,723,390,767,623,375,661,424,919,2427,989,759,1100,2307,530,602,734,741,1742,456,547,830,1117,968,823,1176,1084,588,909,911,371,1521,1046,747,586,1532,0,1,0,10,0,0,
Purine_metabolism,65693,47887,62838,97113,25464,56159,42561,57476,7986,65958,48369,51597,57846,34760,66324,49574,68475,71863,74069,70024,139035,88438,63278,92011,119783,89818,89942,60845,63615,103227,47275,56123,47562,64063,70748,60963,97304,60054,70641,77780,83928,38754,94477,69049,65727,51777,94066,53,134,1,465,42,22,
Pyrimidine_metabolism,45578,32176,41527,70719,17338,38590,29889,38802,5679,44104,32171,33518,38365,22955,44814,33808,43762,47236,48084,47222,99840,57445,41196,64673,87444,60105,61762,42100,41487,73908,30208,38618,32938,45908,47667,40810,64342,43477,46954,55943,59545,26509,67070,48057,44434,37240,66723,40,81,1,285,31,24,
Pyruvate_metabolism,35332,25636,37437,51682,14183,30832,23867,31389,4373,36304,26387,29204,31575,19146,35883,27951,38368,40004,41253,39208,73252,50936,35518,51546,63721,53571,53415,34657,35252,55520,26851,31685,26574,34617,39225,33179,58412,31812,41201,44274,48707,22600,50251,38797,37490,28586,50272,28,70,3,272,17,8,
RIG-I-like_receptor_signaling_pathway,30,13,36,157,12,53,57,21,16,11,11,58,1,7,20,41,17,31,55,30,267,123,91,178,185,94,36,69,7,185,3,6,82,109,20,19,62,117,109,174,124,18,166,324,186,111,185,0,0,0,0,0,0,
RNA_degradation,14810,10467,14141,22051,6154,13333,9658,13747,1835,14409,10464,12222,13857,7962,14717,10806,16484,17645,17258,17088,31438,19657,13874,21086,26244,20806,21128,13728,14144,23771,10497,12596,10395,14699,15932,13456,21748,13497,16248,18458,18406,9168,21857,14898,14684,11639,21718,12,28,0,102,10,7,
RNA_polymerase,4061,2845,4079,11017,1665,4251,3789,3756,773,3566,2575,3514,3446,2079,4055,3031,4523,4903,5316,4883,14999,5166,3673,6348,14367,5354,5385,4583,3774,9927,2772,3570,2882,5621,4187,3582,6740,6695,4074,4485,5496,2343,8634,3839,3858,3580,8705,4,8,0,28,4,4,
RNA_transport,3569,2186,3912,9259,1345,3319,2884,3013,600,3473,2605,2730,3200,1991,2895,2074,3469,4069,4081,4153,12033,5683,3721,5309,12622,5273,5841,3861,3983,7866,2970,3800,2847,5181,3632,3181,5542,5599,4571,6068,3358,2319,7149,3822,3340,3168,7176,1,6,1,17,2,0,
Regulation_of_actin_cytoskeleton,0,0,0,3,0,0,0,0,0,0,0,0,0,0,0,0,0,0,0,0,7,0,0,0,5,0,0,0,0,6,0,0,0,3,0,0,1,1,0,0,1,0,3,0,0,0,6,0,0,0,0,0,0,
Renal_cell_carcinoma,979,676,855,1092,261,593,551,568,86,869,633,842,579,466,933,718,1036,856,1204,556,1394,1568,1127,1500,1261,1295,1353,934,1071,1273,877,848,853,778,953,908,1423,677,1196,1344,1312,591,1078,1090,983,800,1054,1,2,0,7,0,1,
Renin-angiotensin_system,232,211,109,164,223,437,104,617,14,35,33,15,551,228,482,342,169,479,51,696,207,31,49,379,168,116,125,101,179,236,90,188,32,103,449,422,193,109,79,58,269,210,289,73,96,66,241,0,1,0,3,0,0,
"Replication,_recombination_and_repair_proteins",23544,17418,20900,40755,9852,22974,17483,22325,3664,29863,21606,16636,21155,12438,27219,20953,22517,26026,25005,26575,60775,34076,22567,31186,47948,42280,40387,24224,25551,43407,19494,23831,15815,25909,29053,24796,33141,25068,31374,34843,31505,17124,39659,28186,26142,20090,40907,10,49,1,150,19,5,
Restriction_enzyme,4076,2471,3388,6358,1219,2414,3054,2366,493,9043,6074,3314,2433,1671,2845,2257,3902,3775,4497,3221,9593,6898,4017,5276,8775,7900,8668,4853,3291,7006,2907,3494,3275,5049,4188,2518,5187,3897,6740,8460,4848,2746,6410,5686,4964,4466,6381,0,6,0,24,6,0,
Retinol_metabolism,2585,2083,2784,4320,1340,2810,2087,2908,362,1201,927,4028,2816,1586,3230,2582,5052,4572,5251,3572,6380,4672,2890,4611,5190,6222,6101,2868,2893,4505,2494,2804,1715,2635,2903,2907,4646,2676,4730,4391,3560,2401,4135,2867,3430,2152,4215,1,7,0,28,3,0,
Rheumatoid_arthritis,0,0,0,0,0,0,0,0,0,0,0,0,0,0,0,0,0,0,0,0,0,0,0,0,0,0,0,0,0,0,0,0,0,0,0,0,0,0,0,0,0,0,0,0,0,0,0,0,0,0,0,0,0,
Riboflavin_metabolism,8693,6286,8366,12861,3844,8238,5988,8781,1103,10139,7363,7546,8806,4968,9505,7201,10124,10926,11129,10915,19298,13395,9458,12762,16113,11719,11812,8540,9633,13815,7625,7820,6657,8563,10777,9459,13250,8242,9929,10475,11163,5213,13142,8897,8657,7015,12802,5,18,0,75,6,2,
Ribosome,54890,37442,52547,102327,22037,50204,41779,48255,8040,49095,35574,46616,46201,27612,53429,40336,59513,62895,66909,60251,144059,69173,49153,82363,129206,72722,74908,56039,50981,102998,37393,48258,39819,64306,56152,47785,82928,63276,56535,66460,74037,32667,93164,54775,53315,47754,93762,54,108,0,380,52,53,
Ribosome_Biogenesis,44607,33029,40785,52086,19269,39949,25957,44793,4527,49652,36128,38519,46478,26380,49119,36784,53042,56342,53798,53628,76428,61586,43085,57622,64140,59357,60665,41365,45363,59405,33609,39811,28676,37993,54127,47454,61318,33209,48452,51484,49220,28076,57041,42609,43552,33041,55608,34,90,0,290,33,20,
Ribosome_biogenesis_in_eukaryotes,2036,1536,2142,3237,942,1990,1268,2160,249,1784,1304,2091,2240,1359,2184,1574,2901,2952,2939,2704,4643,2999,2124,2692,4247,2561,2587,1916,1966,3123,1530,1676,1261,1890,2369,2191,3140,2081,2157,2191,1730,1210,2995,1874,2025,1415,2906,1,4,0,13,1,1,
Salivary_secretion,0,0,0,1,0,0,0,0,0,0,0,0,0,0,0,0,0,0,0,0,4,0,0,0,4,0,0,0,36,2,10,25,2,9,0,0,0,0,0,0,0,0,14,0,0,0,3,0,0,0,0,0,0,
Secondary_bile_acid_biosynthesis,274,232,512,359,30,68,135,39,25,731,541,28,160,199,116,18,130,111,83,85,481,561,391,510,292,316,230,353,180,544,58,170,106,181,283,184,690,139,72,100,179,96,276,201,173,127,300,0,0,0,2,0,0,
Secretion_system,61502,48582,61528,80959,27284,59844,36827,65942,6919,104723,75027,49026,71193,41997,73317,52632,76872,82029,73345,76420,115202,116495,77655,86019,96284,108270,106543,56321,87702,90350,69241,72050,44246,53769,90188,76503,94898,50509,92188,87016,66259,48209,83303,60307,63794,40217,84853,35,143,0,558,48,29,
Selenocompound_metabolism,11678,8473,11766,18073,4716,10181,7544,10670,1513,7579,5768,8139,10309,6404,11519,8475,10540,12097,11615,13024,25969,14387,10351,17453,22572,16798,16916,10608,10330,19830,7886,9887,8300,12106,11590,10585,18106,11231,12564,14990,15457,7078,17925,12593,11293,9083,17591,6,22,0,81,7,3,
Sesquiterpenoid_biosynthesis,0,0,0,1,0,0,1,0,0,0,0,0,0,0,0,0,1,0,1,0,0,0,0,0,0,0,0,0,0,0,0,0,0,1,0,0,0,0,0,0,0,0,0,0,0,0,0,0,0,0,0,0,0,
Shigellosis,0,0,0,3,0,0,0,0,0,0,0,0,0,0,0,0,0,0,0,0,7,0,0,0,5,0,0,0,0,6,0,0,0,3,0,0,1,1,0,0,1,0,3,0,0,0,6,0,0,0,0,0,0,
Signal_transduction_mechanisms,16221,12415,15810,23848,7893,16301,10353,18667,1918,20821,15317,12311,19863,10341,18352,13222,17358,21372,18248,23623,32784,24334,16793,20073,28493,22197,22178,16834,18282,27170,13574,15026,11381,14802,21574,18627,24494,14411,18772,18752,17304,10092,23203,16058,15638,11919,23508,8,38,0,124,6,2,
Small_cell_lung_cancer,685,502,609,530,245,550,596,593,59,117,59,315,459,172,679,474,205,396,591,705,787,388,373,1464,430,948,738,672,280,680,276,188,440,221,473,446,1529,347,423,312,1807,229,597,555,473,676,559,1,2,0,7,0,1,
Sphingolipid_metabolism,1467,747,1067,5056,1000,2019,1748,2126,385,2345,1587,602,1939,624,1074,732,851,2054,1185,3344,7054,1599,1256,3162,5525,1467,1412,2605,847,7004,499,1588,1738,3313,1581,802,2177,2561,1421,2537,3307,634,5104,3022,2028,1971,5031,0,2,0,20,0,0,
Spliceosome,0,0,0,1,0,0,0,0,0,0,0,0,0,0,0,0,0,0,0,0,2,0,0,0,2,0,0,0,0,0,0,0,2,4,0,0,0,0,0,0,0,0,2,0,0,0,1,0,0,0,0,0,0,
Sporulation,282,177,349,1895,251,666,1611,592,147,2137,1661,279,540,172,418,357,442,748,482,907,2609,471,251,382,2092,719,691,851,2144,2317,1257,5055,448,1379,751,320,677,914,502,452,825,333,1652,311,456,422,1798,0,1,0,3,1,0,
Staphylococcus_aureus_infection,29,16,31,94,3,31,82,17,6,25,17,18,24,14,52,22,16,20,104,13,100,870,462,58,65,888,936,48,553,88,570,430,180,64,63,99,100,35,872,790,32,297,77,110,104,21,77,0,1,0,3,1,0,
Starch_and_sucrose_metabolism,13275,9972,11108,22655,6418,13211,9073,14805,1949,17450,12454,8762,14360,7704,14669,10494,11468,15106,13144,18415,32343,19953,14099,19757,26829,17391,17778,13144,12334,26262,9923,12877,12142,16995,16218,13640,18016,13772,15652,17948,16614,7233,23981,17357,14903,11124,23955,5,26,0,130,12,0,
Steroid_biosynthesis,264,124,391,1584,88,246,652,128,126,122,62,250,83,72,167,82,96,213,535,283,2194,306,220,407,1734,180,131,979,297,1960,263,182,554,863,152,155,760,779,187,141,685,48,1297,209,156,541,1491,0,0,0,4,0,0,
Steroid_hormone_biosynthesis,544,289,499,2529,528,1197,978,1177,205,171,88,334,1134,305,603,350,356,1168,754,1857,3457,456,365,1003,2493,473,278,1411,436,3238,330,407,556,1297,687,530,1114,1234,437,485,1323,350,2288,736,486,809,2283,0,1,0,5,0,0,
"Stilbenoid,_diarylheptanoid_and_gingerol_biosynthesis",421,199,330,1373,274,620,599,426,143,95,128,754,125,76,666,875,1005,712,978,553,2120,974,556,1107,1567,1649,1724,616,638,1888,445,530,478,891,581,442,823,855,1151,1379,1901,555,1467,854,942,579,1504,1,2,0,6,1,0,
Streptomycin_biosynthesis,7618,5765,7037,15426,3054,6968,5242,6477,1305,2959,2471,5840,5960,4055,8126,6156,7264,7498,8911,7806,22760,11212,8088,11049,19111,11608,11682,7203,7725,16371,6394,7090,6769,10661,7354,7562,11550,9451,9422,10620,10462,4479,14763,8711,7987,5971,15012,6,16,0,59,7,1,
Styrene_degradation,3166,2132,3706,2864,1138,2388,1974,2552,298,2130,1629,2213,2427,1815,3414,2949,2759,2803,3378,2937,4575,5481,3942,4420,3342,4927,5077,3128,3893,3656,3210,2937,2990,2154,3661,3607,5424,1902,4158,4664,4986,2153,3482,3818,3247,2669,3238,4,8,0,27,1,0,
Sulfur_metabolism,10182,7362,9823,15143,4401,9586,6693,10124,1310,12297,9009,8237,10111,5963,10755,7877,11684,12568,12073,12220,22288,15888,11002,14805,18281,15789,16015,9399,11815,16806,9126,9870,7978,10570,12238,10323,15557,9351,13396,14442,12722,6977,15665,11173,10649,7756,15440,5,24,0,91,6,0,
Sulfur_relay_system,12752,9962,13203,21019,5035,11886,8723,11864,1640,14434,10556,10253,13138,7366,14472,10364,13918,15398,15538,14641,28748,19046,13350,17062,26340,17019,16559,13037,14664,20414,11106,11944,8834,13143,15797,14356,20104,12762,14481,13610,13954,8249,18670,12537,12189,9613,19222,8,25,1,91,5,2,
Synthesis_and_degradation_of_ketone_bodies,5563,3927,6544,6595,2325,4813,3906,5345,575,1808,1365,4781,5174,3252,5844,4538,5426,6079,6848,6560,9622,8012,5692,9366,8798,8290,8394,5773,5110,7044,4366,4276,4440,4411,5656,5763,10493,4196,6416,6937,8248,3614,6828,5742,5451,4803,6451,6,11,1,53,3,0,
Systemic_lupus_erythematosus,63,44,46,150,36,46,74,64,11,39,23,28,32,25,115,148,56,40,106,82,192,288,209,90,113,116,114,130,242,263,244,135,209,60,144,155,117,53,182,132,329,39,137,129,75,61,119,0,0,0,1,0,0,
TGF-beta_signaling_pathway,0,0,0,0,0,0,0,0,0,0,0,0,0,0,0,0,0,0,0,0,0,0,0,0,0,0,0,0,0,0,0,0,0,0,0,0,0,0,0,0,0,0,0,0,0,0,0,0,0,0,0,0,0,
Taurine_and_hypotaurine_metabolism,4871,3776,5156,4683,1818,3922,2509,4436,405,5664,4314,1859,4843,2768,4888,3410,2856,4250,3086,5513,6801,6776,4949,6824,5259,6120,5873,4030,5124,5719,3670,4219,3530,3463,5604,4795,7768,2964,4634,4880,6179,2674,5392,4988,4133,3258,5067,3,10,0,34,1,0,
Terpenoid_backbone_biosynthesis,14352,10037,14634,25758,5657,12937,11359,12406,2161,11801,8534,12511,11839,7187,14336,10733,15420,16105,18122,15610,36904,18879,13365,22363,32580,20695,20868,15257,13734,26904,10614,12684,11144,17306,14439,12633,23862,15933,15797,17289,20857,8762,24616,14356,14359,12622,24616,11,29,1,114,13,3,
Tetracycline_biosynthesis,5036,3153,5080,6731,1899,4058,3702,4028,569,4248,3017,4542,3930,2295,4072,2949,5399,5632,6251,5152,9921,6475,4648,7365,7955,6732,6786,4972,4293,7546,3145,3509,3574,4594,4323,3291,7603,4172,5248,6179,6918,2849,6981,5295,5059,4746,6866,4,9,0,35,1,0,
Thiamine_metabolism,10907,8171,12376,20838,4663,10538,8263,10241,1673,10583,7991,9867,10536,6330,11548,9003,12900,13479,13919,12871,28870,14885,10526,17482,25530,14948,14876,11385,11413,20762,8076,10765,7725,13104,12787,11260,19112,12654,11578,12676,14565,6732,18872,12370,11601,8998,19416,8,24,1,81,8,1,
Tight_junction,0,0,0,3,0,0,0,0,0,0,0,0,0,0,0,0,0,0,0,0,7,0,0,0,5,0,0,0,0,6,0,0,0,3,0,0,1,1,0,0,1,0,3,0,0,0,6,0,0,0,0,0,0,
Toluene_degradation,6775,5287,7058,9007,2462,5546,4089,5716,763,6838,5138,5997,6125,3992,7572,5625,8136,7713,8496,6541,12930,9703,7017,10811,11114,8942,8893,6292,6463,9475,4806,4867,4470,5637,7858,7509,10789,5573,7179,7632,8052,4085,8506,7195,6956,4920,8622,5,12,0,60,1,4,
Toxoplasmosis,668,496,597,487,239,539,583,589,55,111,57,301,459,170,671,473,201,392,583,702,736,387,371,1457,381,937,728,657,280,630,276,188,434,210,466,444,1499,310,417,308,1795,211,571,549,466,662,506,1,2,0,7,0,1,
Transcription_factors,50621,38569,46899,54695,20723,43325,26358,48164,4878,65686,47620,33465,50374,28300,55817,41975,50240,56063,49019,58951,80318,77017,54830,65142,64841,75104,73722,39809,58505,63161,45556,51634,36178,36981,63440,53473,72922,34272,61372,63632,63894,32516,59271,55306,51858,34049,56936,38,103,3,391,24,5,
Transcription_machinery,24039,16460,23099,48484,10604,23631,18526,23650,3853,20184,14884,17784,23040,13164,24046,17697,23218,27924,26947,30248,69300,34600,24953,37575,59437,32623,33426,24808,25262,52415,19629,22745,19399,28998,26146,23229,37172,29247,28294,33979,32741,14768,45046,28293,24562,20971,45498,14,47,1,198,18,12,
Transcription_related_proteins,446,404,685,4125,166,793,802,385,230,860,621,631,435,375,566,405,973,798,1211,619,5171,1794,1155,933,5701,1357,1337,655,1218,2631,1115,815,626,1257,769,814,1279,2437,1400,1208,209,476,2144,608,645,314,2264,0,1,0,5,0,0,
Translation_factors,13187,9127,11905,24243,5584,12586,9691,12734,1920,13554,9785,10026,12229,6889,13241,9877,13369,15253,14864,15955,33998,16821,11903,18925,30708,17510,17978,13103,12809,24575,9444,11811,9726,15768,14460,11945,19221,15002,13861,15897,17767,7821,22665,13041,12564,11130,22679,11,25,0,86,11,10,
Translation_proteins,28479,19860,27700,41912,11455,25112,18364,26135,3321,28924,21181,23828,27152,15952,28165,20908,31647,33867,33689,32256,59322,40661,27955,39882,52384,39751,41190,27444,29123,43450,21680,26038,19887,27334,31466,27354,41740,26188,32325,37278,32354,17948,40326,28619,27717,22775,39946,19,56,0,188,21,11,
Transporters,181454,143981,180877,212057,52254,122867,101349,118158,19362,179089,129968,116239,129013,88621,180007,121872,154723,151770,181841,138609,314282,251642,184542,207343,250624,276621,249143,159050,194737,242213,155853,184094,132775,144021,176598,159908,285179,130879,198425,183984,219579,103788,214843,170553,166782,125566,220030,140,371,25,1093,98,19,
"Tropane,_piperidine_and_pyridine_alkaloid_biosynthesis",4370,3174,3517,6853,1863,4108,2974,4114,572,3601,2638,4084,3902,2085,4763,3687,5293,5416,5844,5028,10195,7720,5334,6214,8459,7634,7416,3834,5439,7329,4449,4470,4031,4554,4717,4201,5631,4321,6623,6826,6152,3219,6856,5553,5184,3662,6768,3,9,0,37,3,1,
Tryptophan_metabolism,21243,14702,21906,24636,9613,19840,15422,21466,2329,16104,11762,19730,20695,11450,24116,19740,24648,26335,28448,26434,36425,33581,23180,33151,29802,35368,35363,22312,23705,28849,19515,19273,17858,16853,25258,23190,36029,15565,28778,29757,34279,15428,27023,23656,22701,18813,25874,20,51,3,201,17,2,
Tuberculosis,4322,3098,4428,8432,1910,4418,3651,4351,710,4961,3505,3083,4141,2217,4404,3139,4193,5080,4867,5618,12019,4896,3626,6669,9964,5602,5225,4744,3815,9034,2843,3466,3489,5382,4822,3786,7408,4968,3845,3944,6821,2359,8103,3999,4024,3739,8369,4,9,0,35,3,3,
Two-component_system,69211,55269,66119,95537,31774,69641,40337,77087,8187,117231,83863,45865,81574,45211,85262,61763,76298,89096,72639,92448,137311,121829,84999,87381,117416,104294,102879,59940,99930,104108,79934,86251,54328,66239,103258,86017,105103,58586,93699,86948,76771,50494,98412,71536,70836,43506,98648,43,188,6,609,33,7,
Type_I_diabetes_mellitus,1481,1094,1639,2549,603,1308,1067,1304,220,2336,1671,939,1433,832,1402,968,1405,1662,1463,1755,3723,2093,1398,2053,2708,2339,2249,1626,1277,2943,925,1164,895,1675,1789,1391,2322,1364,1542,1759,1767,909,2489,1386,1351,1124,2603,1,3,0,9,1,1,
Type_II_diabetes_mellitus,1204,914,1342,1576,401,876,554,872,129,2273,1584,773,1041,699,1098,745,1298,1239,1123,1080,2100,2485,1624,1782,1875,2461,2512,897,1524,1725,1303,1414,898,1103,1514,1137,2086,963,1999,2123,1240,990,1491,1337,1316,704,1568,1,3,0,8,1,0,
Tyrosine_metabolism,14037,9747,13403,19511,6279,13267,9629,13743,1691,11188,8475,13540,13168,7494,15467,13096,17179,17621,18377,16777,29067,19941,14406,21041,23495,19975,20005,13756,14377,21959,10600,12239,11381,12486,16215,14481,21019,12236,16676,19265,20964,9185,20167,18649,16719,12509,19773,12,27,1,121,8,1,
Ubiquinone_and_other_terpenoid-quinone_biosynthesis,13028,9574,12362,17016,5096,11331,7602,11932,1416,16799,12124,9962,12650,7479,14017,10611,14145,14893,14133,14060,24831,17674,12479,17831,21381,16784,17478,11896,11838,18978,8777,9680,8914,11831,16245,13909,18569,10751,13671,15470,15256,8123,17638,13076,12657,9483,17193,8,23,0,82,4,8,
Ubiquitin_system,612,443,806,2078,297,763,670,628,149,834,613,774,724,385,698,523,1005,1056,1159,901,2800,1078,705,881,2723,869,867,899,708,1782,531,555,422,971,842,733,1231,1271,874,831,552,470,1534,815,770,618,1632,0,1,0,6,0,0,
VEGF_signaling_pathway,17,6,12,43,6,11,13,4,4,6,2,14,0,2,8,1,4,4,8,3,51,1,0,7,49,2,2,15,0,50,0,0,4,7,7,2,30,37,2,2,12,2,25,6,7,14,53,0,0,0,0,0,0,
"Valine,_leucine_and_isoleucine_biosynthesis",22690,15937,22012,39348,9440,20913,16362,20940,3138,19392,14327,19342,19920,11808,23153,17790,25158,26352,27755,26300,56044,30437,21552,34103,48920,32872,33361,22151,21316,40197,16245,19011,16566,24601,23863,20750,35019,24398,25373,28737,31722,13416,36258,24289,23742,18862,36090,16,43,1,161,16,6,
"Valine,_leucine_and_isoleucine_degradation",32659,23892,36558,37478,14661,29916,21999,32846,3463,19002,14644,30812,33171,18864,36879,29802,38379,40413,43223,40792,54643,49663,34471,53415,46844,54061,54013,33107,34036,42561,27745,27745,24811,25100,37927,36862,58526,23692,41953,43412,50168,22963,39788,35082,34122,26846,38403,31,72,5,289,22,5,
Various_types_of_N-glycan_biosynthesis,8,4,18,520,10,81,96,28,26,2,1,10,2,3,12,10,19,36,50,64,658,0,1,52,768,0,0,46,38,311,58,93,21,185,11,7,74,316,4,0,9,0,262,2,4,22,278,0,0,0,0,0,0,
Vascular_smooth_muscle_contraction,0,0,0,0,0,0,0,0,0,0,0,0,0,0,0,0,0,0,0,0,0,0,0,0,0,0,0,0,0,0,0,0,0,0,0,0,0,0,0,0,0,0,0,0,0,0,0,0,0,0,0,0,0,
Vasopressin-regulated_water_reabsorption,4,2,6,58,4,21,22,8,6,2,2,8,0,2,4,2,6,12,18,12,115,0,1,34,91,46,16,32,40,77,12,28,30,78,6,8,16,42,8,14,38,6,90,14,10,17,75,0,0,0,0,0,0,
Vibrio_cholerae_infection,332,173,1,47,150,329,12,411,4,8938,5934,1,762,182,210,140,1402,1163,3,693,41,1069,620,4,40,66,78,4,193,89,120,275,2,13,2303,198,9,35,329,262,2,215,102,845,976,9,76,0,0,0,0,0,0,
Vibrio_cholerae_pathogenic_cycle,4676,3835,2758,3958,2682,5593,1419,7280,339,30539,21303,1257,8882,3917,6290,4380,6546,8192,2365,9025,5338,10887,6567,3649,4879,8043,8524,2897,7673,4692,5212,5356,2307,2862,13459,7274,4420,2565,7867,7355,2336,4057,4748,5219,5774,1630,4533,0,12,0,30,2,0,
Viral_myocarditis,668,496,597,490,239,539,583,589,55,111,57,301,459,170,671,473,201,392,583,702,743,387,371,1457,386,937,728,657,280,636,276,188,434,213,466,444,1500,311,417,308,1796,211,574,549,466,662,512,1,2,0,7,0,1,
Vitamin_B6_metabolism,5925,4155,5955,8684,2348,5107,3951,5221,716,5968,4348,4994,5435,3201,5759,4163,6516,6872,7292,6565,12603,8689,6167,8660,10707,7942,8028,5801,5839,9199,4534,4996,4489,5798,6397,5595,9189,5401,6513,7261,7201,3458,8531,6084,5815,4869,8422,5,13,0,44,2,0,
Wnt_signaling_pathway,2,0,1,9,0,1,3,0,0,0,0,0,0,0,0,0,1,0,1,1,5,0,0,0,2,1,1,6,1,6,0,0,2,5,0,0,0,1,0,0,3,0,6,0,0,2,5,0,0,0,0,0,0,
Xylene_degradation,789,749,1090,676,158,399,450,411,77,1599,1146,141,590,558,911,696,374,314,297,406,1108,1477,1003,2206,902,1620,1626,737,953,1013,821,1121,503,625,1190,1126,1914,436,1062,998,1695,599,813,644,576,359,798,1,1,0,9,0,0,
Zeatin_biosynthesis,1020,700,962,1366,395,848,681,867,123,883,642,858,856,510,987,741,1080,1128,1197,1055,2035,1289,919,1492,1629,1352,1389,998,985,1613,712,926,743,1072,1026,883,1468,852,1054,1240,1385,611,1511,1033,994,873,1495,1,2,0,7,1,1,
alpha-Linolenic_acid_metabolism,1540,1123,1442,1415,843,1628,840,1954,128,1680,1295,2011,2110,1106,1844,1421,2783,2794,2604,2311,2077,2761,1813,2484,1818,2459,2579,1491,1903,1778,1346,1483,1090,1008,2140,1933,2173,915,2340,2469,1490,1340,1693,1816,1847,1213,1661,0,3,0,12,1,0,
beta-Alanine_metabolism,16828,12473,19476,20094,7709,15570,11633,16893,1897,13917,10391,17217,17589,9922,18895,15088,22224,22370,24444,21579,28911,27484,18548,26384,24207,29961,29262,17942,18072,22954,14904,14614,12555,13322,20524,19196,31103,12479,22644,22046,24949,11835,21185,17087,17701,13554,20762,16,40,3,141,16,0,
beta-Lactam_resistance,963,738,1391,1148,472,849,490,1087,88,143,114,689,1128,741,814,469,937,1162,909,1403,1583,1385,1018,1848,1174,1383,1418,704,535,1317,535,499,582,649,854,915,1802,684,950,1220,970,506,1118,918,846,580,1099,0,2,0,12,0,0,
mRNA_surveillance_pathway,16,9,48,1085,19,176,205,59,57,5,2,18,6,7,26,22,40,81,106,127,1364,0,2,111,1589,2,0,95,3,656,0,3,39,320,24,16,155,663,7,1,26,0,526,5,12,57,558,0,0,0,0,0,0,
mTOR_signaling_pathway,7,3,18,512,9,81,93,27,26,2,1,9,2,3,11,10,19,36,48,62,631,0,1,50,743,0,0,43,1,300,0,1,15,144,11,7,72,311,3,0,7,0,246,2,4,21,252,0,0,0,0,0,0,
p53_signaling_pathway,802,502,614,512,241,554,593,601,57,113,58,311,461,171,683,482,204,400,591,725,799,393,386,1585,418,1045,943,677,287,692,282,191,461,263,519,478,1520,341,484,639,1960,259,652,592,486,779,547,1,2,0,7,0,1,
